car class,link
Hyundai Accent RB 2023 A/T / TINTED GLASS,https://eg.hatla2ee.com/en/new-car/hyundai/Accent-RB/36848
Hyundai Accent RB 2023 A/T / SR TINTED GLASS,https://eg.hatla2ee.com/en/new-car/hyundai/Accent-RB/36851
Hyundai Accent RB 2023 A/T / DAB ABS TINTED GLASS,https://eg.hatla2ee.com/en/new-car/hyundai/Accent-RB/36854
Hyundai Accent RB 2023 A/T / DAB ABS PLUS TINTED GLASS,https://eg.hatla2ee.com/en/new-car/hyundai/Accent-RB/36857
Hyundai Accent RB 2023 A/T / Highline TINTED GLASS,https://eg.hatla2ee.com/en/new-car/hyundai/Accent-RB/36860
Hyundai Accent RB 2022 A/T / TINTED GLASS,https://eg.hatla2ee.com/en/new-car/hyundai/Accent-RB/30168
Hyundai Accent RB 2022 A/T / SR TINTED GLASS,https://eg.hatla2ee.com/en/new-car/hyundai/Accent-RB/30169
Hyundai Accent RB 2022 A/T / DAB ABS TINTED GLASS,https://eg.hatla2ee.com/en/new-car/hyundai/Accent-RB/30171
Hyundai Accent RB 2022 A/T / DAB ABS PLUS TINTED GLASS,https://eg.hatla2ee.com/en/new-car/hyundai/Accent-RB/30174
Hyundai Accent RB 2022 A/T / Highline TINTED GLASS,https://eg.hatla2ee.com/en/new-car/hyundai/Accent-RB/30175
Hyundai Accent HCI 2022 A/T / Smart,https://eg.hatla2ee.com/en/new-car/hyundai/Accent-HCI-shape-new-generation/30630
Hyundai Accent HCI 2022 A/T / SMART FUN,https://eg.hatla2ee.com/en/new-car/hyundai/Accent-HCI-shape-new-generation/30633
Hyundai Accent HCI 2022 A/T / Smart Safety,https://eg.hatla2ee.com/en/new-car/hyundai/Accent-HCI-shape-new-generation/30636
Hyundai Accent HCI 2022 A/T / Smart Plus,https://eg.hatla2ee.com/en/new-car/hyundai/Accent-HCI-shape-new-generation/30638
Hyundai I10 2022 A/T / Spirit,https://eg.hatla2ee.com/en/new-car/hyundai/i10/34829
Hyundai I10 2022 A/T / Elite,https://eg.hatla2ee.com/en/new-car/hyundai/i10/34832
Hyundai Elantra HD 2023 Automatic / GL / TINTED GLASS,https://eg.hatla2ee.com/en/new-car/hyundai/Elantra-HD/36863
Hyundai Elantra HD 2023 Automatic / GL / SR / TINTED GLASS,https://eg.hatla2ee.com/en/new-car/hyundai/Elantra-HD/36866
Hyundai Elantra HD 2023 Automatic / GL / DAB / ABS / Tinted glass,https://eg.hatla2ee.com/en/new-car/hyundai/Elantra-HD/36869
Hyundai Elantra HD 2023 A/T / HIGHLINE TINTED GLASS 15,https://eg.hatla2ee.com/en/new-car/hyundai/Elantra-HD/36872
Hyundai Elantra HD 2022 Automatic / GL / TINTED GLASS,https://eg.hatla2ee.com/en/new-car/hyundai/Elantra-HD/30617
Hyundai Elantra HD 2022 Automatic / GL / SR / TINTED GLASS,https://eg.hatla2ee.com/en/new-car/hyundai/Elantra-HD/30618
Hyundai Elantra HD 2022 Automatic / GL / DAB / ABS / Tinted glass,https://eg.hatla2ee.com/en/new-car/hyundai/Elantra-HD/30620
Hyundai Elantra HD 2022 A/T / HIGHLINE TINTED GLASS 15,https://eg.hatla2ee.com/en/new-car/hyundai/Elantra-HD/30623
Hyundai Elantra CN7 2022 A/T / SMART,https://eg.hatla2ee.com/en/new-car/hyundai/Elantra-CN7/31187
Hyundai Elantra CN7 2022 A/T / SMART SAFETY,https://eg.hatla2ee.com/en/new-car/hyundai/Elantra-CN7/31188
Hyundai Elantra CN7 2022 A/T / SMART FUN,https://eg.hatla2ee.com/en/new-car/hyundai/Elantra-CN7/31190
Hyundai Elantra CN7 2022 A/T / SMART PLUS,https://eg.hatla2ee.com/en/new-car/hyundai/Elantra-CN7/31191
Hyundai Elantra CN7 2022 A/T / MODERN,https://eg.hatla2ee.com/en/new-car/hyundai/Elantra-CN7/31193
Hyundai Elantra CN7 2022 AT / SMART V2,https://eg.hatla2ee.com/en/new-car/hyundai/Elantra-CN7/37301
Hyundai Elantra CN7 2022 A/T / ADVANCED,https://eg.hatla2ee.com/en/new-car/hyundai/Elantra-CN7/31194
Hyundai Elantra CN7 2022 A/T / ADVANCED / WHITE PACK,https://eg.hatla2ee.com/en/new-car/hyundai/Elantra-CN7/31197
Hyundai Elantra CN7 2022 A/T / PREMIUM,https://eg.hatla2ee.com/en/new-car/hyundai/Elantra-CN7/31199
Hyundai Elantra CN7 2022 A/T / PREMIUM / WHITE PACK,https://eg.hatla2ee.com/en/new-car/hyundai/Elantra-CN7/31202
Hyundai I20 2022 A/T / SPIRIT,https://eg.hatla2ee.com/en/new-car/hyundai/i20/30641
Hyundai I20 2022 A/T / Dynamic,https://eg.hatla2ee.com/en/new-car/hyundai/i20/30644
Hyundai I20 2022 A/T / Elite,https://eg.hatla2ee.com/en/new-car/hyundai/i20/30647
Hyundai I20 2022 A/T / Ultimate,https://eg.hatla2ee.com/en/new-car/hyundai/i20/30648
Hyundai Bayon 2022 AT / Spirit,https://eg.hatla2ee.com/en/new-car/hyundai/Bayon/33236
Hyundai Bayon 2022 A/T / Dynamic,https://eg.hatla2ee.com/en/new-car/hyundai/Bayon/33252
Hyundai Bayon 2022 A/T / Elite,https://eg.hatla2ee.com/en/new-car/hyundai/Bayon/33255
Hyundai Bayon 2022 A/T / Ultimate,https://eg.hatla2ee.com/en/new-car/hyundai/Bayon/33258
Hyundai Creta SU2 2022 A/T / SMART,https://eg.hatla2ee.com/en/new-car/hyundai/creta-su2/31287
Hyundai Creta SU2 2022 A/T / SMART / Two Tone,https://eg.hatla2ee.com/en/new-car/hyundai/creta-su2/31296
Hyundai Creta SU2 2022 A/T / SMART PLUS,https://eg.hatla2ee.com/en/new-car/hyundai/creta-su2/31289
Hyundai Creta SU2 2022 A/T / SMART PLUS / Two Tone,https://eg.hatla2ee.com/en/new-car/hyundai/creta-su2/31307
Hyundai Creta SU2 2022 A/T / MODERN,https://eg.hatla2ee.com/en/new-car/hyundai/creta-su2/31290
Hyundai Creta SU2 2022 A/T / MODERN / Two Tone,https://eg.hatla2ee.com/en/new-car/hyundai/creta-su2/31311
Hyundai Creta SU2 2022 A/T / ADVANCED,https://eg.hatla2ee.com/en/new-car/hyundai/creta-su2/31295
Hyundai Creta SU2 2022 A/T / ADVANCED / Two Tone,https://eg.hatla2ee.com/en/new-car/hyundai/creta-su2/31314
Hyundai Tucson 2022 A/T / Smart,https://eg.hatla2ee.com/en/new-car/hyundai/tucson-shape-new-generation/30650
Hyundai Tucson 2022 A/T / SMART / Two Tone,https://eg.hatla2ee.com/en/new-car/hyundai/tucson-shape-new-generation/36623
Hyundai Tucson 2022 A/T / Smart Plus,https://eg.hatla2ee.com/en/new-car/hyundai/tucson-shape-new-generation/30653
Hyundai Tucson 2022 A/T / Modern,https://eg.hatla2ee.com/en/new-car/hyundai/tucson-shape-new-generation/30657
Hyundai Tucson 2022 A/T / Advanced,https://eg.hatla2ee.com/en/new-car/hyundai/tucson-shape-new-generation/30662
Hyundai Tucson 2022 A/T / Premium,https://eg.hatla2ee.com/en/new-car/hyundai/tucson-shape-new-generation/30665
Chery Arrizo 5 2023 Manual / Base Line / Leather,https://eg.hatla2ee.com/en/new-car/chery/Arrizo-5/37472
Chery Arrizo 5 2023 AT / BASELINE Leather / CVT,https://eg.hatla2ee.com/en/new-car/chery/Arrizo-5/37473
Chery Arrizo 5 2023 AT / HIGHLINE,https://eg.hatla2ee.com/en/new-car/chery/Arrizo-5/37476
Chery Arrizo 5 2022 Manual / Base Line / Leather,https://eg.hatla2ee.com/en/new-car/chery/Arrizo-5/30339
Chery Arrizo 5 2022 AT / BASELINE Leather,https://eg.hatla2ee.com/en/new-car/chery/Arrizo-5/30342
Chery Arrizo 5 2022 AT / HIGHLINE,https://eg.hatla2ee.com/en/new-car/chery/Arrizo-5/30344
Chery Tiggo 3 2023 Automtic / Tinted Glass,https://eg.hatla2ee.com/en/new-car/chery/Tiggo3/37314
Chery Tiggo 3 2022 Automtic,https://eg.hatla2ee.com/en/new-car/chery/Tiggo3/30338
Chery Tiggo 7 2023 A/T / Baseline,https://eg.hatla2ee.com/en/new-car/chery/Tiggo-7/37319
Chery Tiggo 7 2023 A/T / Highline,https://eg.hatla2ee.com/en/new-car/chery/Tiggo-7/37322
Chery Tiggo 7 2022 A/T / Baseline,https://eg.hatla2ee.com/en/new-car/chery/Tiggo-7/30332
Chery Tiggo 7 2022 A/T / Highline,https://eg.hatla2ee.com/en/new-car/chery/Tiggo-7/30335
Chery Tiggo 7 pro 2022 A/T / Comfort,https://eg.hatla2ee.com/en/new-car/chery/Tiggo-7-pro/31682
Chery Tiggo 7 pro 2022 A/T / Luxury,https://eg.hatla2ee.com/en/new-car/chery/Tiggo-7-pro/31683
Chery Tiggo 8 2022 Automtic / COMFORT,https://eg.hatla2ee.com/en/new-car/chery/Tiggo-8/30786
Chery Tiggo 8 2022 A/T / Luxury,https://eg.hatla2ee.com/en/new-car/chery/Tiggo-8/30789
Chery Tiggo 8 Pro 2023 AT-6DCT COMFORT,https://eg.hatla2ee.com/en/new-car/chery/Tiggo-8-Pro/38438
Chery Tiggo 8 Pro 2022 A/T / comfort,https://eg.hatla2ee.com/en/new-car/chery/Tiggo-8-Pro/37368
Chery Tiggo 8 Pro 2022 A/T / Luxury,https://eg.hatla2ee.com/en/new-car/chery/Tiggo-8-Pro/37370
Chery Tiggo 8 Pro 2022 Automatic / Flagship,https://eg.hatla2ee.com/en/new-car/chery/Tiggo-8-Pro/37385
Kia Grand Cerato 2022 A/T / LX FO,https://eg.hatla2ee.com/en/new-car/kia/Grand-Cerato/30729
Kia Grand Cerato 2022 A/T / EX Cam,https://eg.hatla2ee.com/en/new-car/kia/Grand-Cerato/30732
Kia Grand Cerato 2022 A/T / Highline,https://eg.hatla2ee.com/en/new-car/kia/Grand-Cerato/30734
Kia Grand Cerato 2022 A/T / Topline,https://eg.hatla2ee.com/en/new-car/kia/Grand-Cerato/30735
Kia Sorento 2022 A/T / High Line,https://eg.hatla2ee.com/en/new-car/kia/sorento/37842
Kia Sorento 2022 A/T / Top Line,https://eg.hatla2ee.com/en/new-car/kia/sorento/37844
Kia Sorento 2021 A/T / Premium,https://eg.hatla2ee.com/en/new-car/kia/sorento/30272
Kia Sorento 2021 A/T / Luxury,https://eg.hatla2ee.com/en/new-car/kia/sorento/30273
Kia Sorento 2021 A/T / EXCLUSIVE,https://eg.hatla2ee.com/en/new-car/kia/sorento/30276
Kia Sportage 2022 A/T / LX CAM,https://eg.hatla2ee.com/en/new-car/kia/sportage/30497
Kia Sportage 2022 A/T / LX FO Plus,https://eg.hatla2ee.com/en/new-car/kia/sportage/30498
Kia Sportage 2022 A/T / Highline Plus,https://eg.hatla2ee.com/en/new-car/kia/sportage/30501
Kia Sportage 2022 A/T / Topline Plus,https://eg.hatla2ee.com/en/new-car/kia/sportage/30504
Kia Sportage 2022 A/T / Topline Plus + Black Edition,https://eg.hatla2ee.com/en/new-car/kia/sportage/30506
Kia Xceed 2022 A/T / Highline,https://eg.hatla2ee.com/en/new-car/kia/Xceed/31704
Kia Xceed 2022 A/T / Top Line,https://eg.hatla2ee.com/en/new-car/kia/Xceed/31707
Kia Sportage 2022 A/T / LX,https://eg.hatla2ee.com/en/new-car/kia/sportage-shape-new-generation/37826
Kia Sportage 2022 A/T / EX,https://eg.hatla2ee.com/en/new-car/kia/sportage-shape-new-generation/37830
Kia Sportage 2022 A/T / Highline,https://eg.hatla2ee.com/en/new-car/kia/sportage-shape-new-generation/37827
Kia Sportage 2022 A/T / Top Line,https://eg.hatla2ee.com/en/new-car/kia/sportage-shape-new-generation/37832
Kia Sportage 2022 A/T / GT-Line,https://eg.hatla2ee.com/en/new-car/kia/sportage-shape-new-generation/37835
Kia Sorento 2022 A/T / High Line,https://eg.hatla2ee.com/en/new-car/kia/sorento/37842
Kia Sorento 2022 A/T / Top Line,https://eg.hatla2ee.com/en/new-car/kia/sorento/37844
Kia Sorento 2021 A/T / Premium,https://eg.hatla2ee.com/en/new-car/kia/sorento/30272
Kia Sorento 2021 A/T / Luxury,https://eg.hatla2ee.com/en/new-car/kia/sorento/30273
Kia Sorento 2021 A/T / EXCLUSIVE,https://eg.hatla2ee.com/en/new-car/kia/sorento/30276
Chevrolet Optra 2023 A/T / Highline,https://eg.hatla2ee.com/en/new-car/chevrolet/optra/38163
Chevrolet Optra 2022 A/T / Comfort,https://eg.hatla2ee.com/en/new-car/chevrolet/optra/29917
Chevrolet Optra 2022 A/T / Comfort w Accessories,https://eg.hatla2ee.com/en/new-car/chevrolet/optra/29920
Chevrolet Optra 2022 A/T / Luxury,https://eg.hatla2ee.com/en/new-car/chevrolet/optra/29923
Chevrolet Optra 2022 A/T / Luxury w Accessories,https://eg.hatla2ee.com/en/new-car/chevrolet/optra/29926
Chevrolet Malibu 2022 Automatic / LS,https://eg.hatla2ee.com/en/new-car/chevrolet/malibu/31745
Chevrolet Malibu 2022 Automatic / LT,https://eg.hatla2ee.com/en/new-car/chevrolet/malibu/31748
Chevrolet Captiva 2022 Automtic / LS,https://eg.hatla2ee.com/en/new-car/chevrolet/captiva/32538
Chevrolet Captiva 2022 Automtic / LT,https://eg.hatla2ee.com/en/new-car/chevrolet/captiva/32543
Chevrolet Captiva 2022 Automtic / Premier,https://eg.hatla2ee.com/en/new-car/chevrolet/captiva/32546
Chevrolet Captiva 2022 Automtic / premire (7seats),https://eg.hatla2ee.com/en/new-car/chevrolet/captiva/32549
Fiat 500 2022 A/T / PANORAMA,https://eg.hatla2ee.com/en/new-car/fiat/500/31794
Fiat 500 2022 A/T / Cabrio,https://eg.hatla2ee.com/en/new-car/fiat/500/34454
Fiat 500 2021 A/T / Full Options,https://eg.hatla2ee.com/en/new-car/fiat/500/24519
Fiat 500C 2021 A/T,https://eg.hatla2ee.com/en/new-car/fiat/500C/24516
Fiat 500 X 2022 A/T / Cross Entry,https://eg.hatla2ee.com/en/new-car/fiat/500X/31787
Fiat 500 X 2022 A/T / Cross Highline,https://eg.hatla2ee.com/en/new-car/fiat/500X/31790
Fiat 500 X 2022 AT / cabrio,https://eg.hatla2ee.com/en/new-car/fiat/500X/35685
Fiat 500 X 2021 A/T / Pop Star,https://eg.hatla2ee.com/en/new-car/fiat/500X/23934
Fiat 500 X 2021 A/T / Lounge,https://eg.hatla2ee.com/en/new-car/fiat/500X/23935
Fiat 500 X 2021 A/T Sport AWD,https://eg.hatla2ee.com/en/new-car/fiat/500X/30399
Fiat 500 2022 A/T / PANORAMA,https://eg.hatla2ee.com/en/new-car/fiat/500/31794
Fiat 500 2022 A/T / Cabrio,https://eg.hatla2ee.com/en/new-car/fiat/500/34454
Fiat 500 2021 A/T / Full Options,https://eg.hatla2ee.com/en/new-car/fiat/500/24519
Fiat Tipo 2022 AT / entry grade,https://eg.hatla2ee.com/en/new-car/fiat/tipo/31779
Fiat Tipo 2022 A/T / MIDE GRADE,https://eg.hatla2ee.com/en/new-car/fiat/tipo/31781
Fiat Tipo 2022 A/T / HB / entry grade,https://eg.hatla2ee.com/en/new-car/fiat/tipo/31782
Fiat Tipo 2022 A/T / Highline,https://eg.hatla2ee.com/en/new-car/fiat/tipo/33752
Fiat Tipo 2022 A/T / HB / Highline,https://eg.hatla2ee.com/en/new-car/fiat/tipo/31785
Fiat 500 X 2022 A/T / Cross Entry,https://eg.hatla2ee.com/en/new-car/fiat/500X/31787
Fiat 500 X 2022 A/T / Cross Highline,https://eg.hatla2ee.com/en/new-car/fiat/500X/31790
Fiat 500 X 2022 AT / cabrio,https://eg.hatla2ee.com/en/new-car/fiat/500X/35685
Fiat 500 X 2021 A/T / Pop Star,https://eg.hatla2ee.com/en/new-car/fiat/500X/23934
Fiat 500 X 2021 A/T / Lounge,https://eg.hatla2ee.com/en/new-car/fiat/500X/23935
Fiat 500 X 2021 A/T Sport AWD,https://eg.hatla2ee.com/en/new-car/fiat/500X/30399
Nissan Sunny 2023 Automatic / Baseline,https://eg.hatla2ee.com/en/new-car/nissan/sunny/36644
Nissan Sunny 2023 A/T / plus,https://eg.hatla2ee.com/en/new-car/nissan/sunny/36647
Nissan Sunny 2023 A/T / Super Saloon,https://eg.hatla2ee.com/en/new-car/nissan/sunny/36648
Nissan Sunny 2022 Automatic / Baseline,https://eg.hatla2ee.com/en/new-car/nissan/sunny/30105
Nissan Sunny 2022 A/T / Midline,https://eg.hatla2ee.com/en/new-car/nissan/sunny/30108
Nissan Sunny 2022 A/T / Super Saloon,https://eg.hatla2ee.com/en/new-car/nissan/sunny/30109
Nissan Sentra 2023 Automatic / Base,https://eg.hatla2ee.com/en/new-car/nissan/sentra/36651
Nissan Sentra 2023 Automatic / upper,https://eg.hatla2ee.com/en/new-car/nissan/sentra/36653
Nissan Sentra 2022 Automatic / BASIC,https://eg.hatla2ee.com/en/new-car/nissan/sentra/31230
Nissan Sentra 2022 Automatic / High Line,https://eg.hatla2ee.com/en/new-car/nissan/sentra/31232
Nissan Sentra 2023 A/T / Premium SV,https://eg.hatla2ee.com/en/new-car/nissan/sentra-shape-facelift/36654
Nissan Sentra 2023 A/T / Premium SV,https://eg.hatla2ee.com/en/new-car/nissan/sentra-shape-facelift/36657
Nissan Sentra 2022 A/T / Premium SV,https://eg.hatla2ee.com/en/new-car/nissan/sentra-shape-facelift/31235
Nissan Sentra 2022 A/T / Premium SV,https://eg.hatla2ee.com/en/new-car/nissan/sentra-shape-facelift/31236
Nissan Sentra 2023 Automatic / Base,https://eg.hatla2ee.com/en/new-car/nissan/sentra/36651
Nissan Sentra 2023 Automatic / upper,https://eg.hatla2ee.com/en/new-car/nissan/sentra/36653
Nissan Sentra 2022 Automatic / BASIC,https://eg.hatla2ee.com/en/new-car/nissan/sentra/31230
Nissan Sentra 2022 Automatic / High Line,https://eg.hatla2ee.com/en/new-car/nissan/sentra/31232
Nissan Juke 2022 A/T / Accenta Grade,https://eg.hatla2ee.com/en/new-car/nissan/juke/31664
Nissan Juke 2022 A/T / Tekna Grade,https://eg.hatla2ee.com/en/new-car/nissan/juke/31668
Nissan Juke 2022 A/T / Tekna perso,https://eg.hatla2ee.com/en/new-car/nissan/juke/31671
Nissan Juke 2022 A/T / KIirro,https://eg.hatla2ee.com/en/new-car/nissan/juke/37718
Nissan Sentra 2023 A/T / Premium SV,https://eg.hatla2ee.com/en/new-car/nissan/sentra-shape-facelift/36654
Nissan Sentra 2023 A/T / Premium SV,https://eg.hatla2ee.com/en/new-car/nissan/sentra-shape-facelift/36657
Nissan Sentra 2022 A/T / Premium SV,https://eg.hatla2ee.com/en/new-car/nissan/sentra-shape-facelift/31235
Nissan Sentra 2022 A/T / Premium SV,https://eg.hatla2ee.com/en/new-car/nissan/sentra-shape-facelift/31236
Nissan Qashqai 2022 Automtic / Visia,https://eg.hatla2ee.com/en/new-car/nissan/qashqai/32876
Nissan Qashqai 2022 Automtic / Visia / two tone,https://eg.hatla2ee.com/en/new-car/nissan/qashqai/37722
Nissan Qashqai 2022 Automtic / Acenta premium,https://eg.hatla2ee.com/en/new-car/nissan/qashqai/32877
Nissan Qashqai 2022 Automtic / Acenta / two tone,https://eg.hatla2ee.com/en/new-car/nissan/qashqai/37725
Nissan Qashqai 2022 Automtic / Tekna,https://eg.hatla2ee.com/en/new-car/nissan/qashqai/32879
Nissan Qashqai 2022 Automtic / Tekna / two tone,https://eg.hatla2ee.com/en/new-car/nissan/qashqai/37727
Renault Logan 2022 A/T / E1,https://eg.hatla2ee.com/en/new-car/renault/logan/31176
Renault Logan 2022 A/T / E2,https://eg.hatla2ee.com/en/new-car/renault/logan/31179
Renault Logan 2022 A/T / E3,https://eg.hatla2ee.com/en/new-car/renault/logan/31182
Renault Logan 2022 A/T / E3 / Black Edtion,https://eg.hatla2ee.com/en/new-car/renault/logan/31184
Renault Sandero 2022 A/T / B1,https://eg.hatla2ee.com/en/new-car/renault/sandero/31169
Renault Sandero Step Way 2022 A/T / SW,https://eg.hatla2ee.com/en/new-car/renault/sandero-step-way/30681
Renault Sandero Step Way 2022 A/T / SW NAV,https://eg.hatla2ee.com/en/new-car/renault/sandero-step-way/36639
Renault Duster 2022 A/T / H1,https://eg.hatla2ee.com/en/new-car/renault/duster/31163
Renault Duster 2022 A/T / H3,https://eg.hatla2ee.com/en/new-car/renault/duster/31167
Renault Megane 2022 A/T / Vision,https://eg.hatla2ee.com/en/new-car/renault/megane/30777
Renault Megane 2022 A/T / Dynamic,https://eg.hatla2ee.com/en/new-car/renault/megane/30779
Renault Megane 2022 Automatic / Signature,https://eg.hatla2ee.com/en/new-car/renault/megane/34751
Renault Megane 2022 A/T / Dynamic Turbo,https://eg.hatla2ee.com/en/new-car/renault/megane/30782
Renault Megane 2022 A/T / Intense,https://eg.hatla2ee.com/en/new-car/renault/megane/38721
Renault Megane 2022 A/T / Signature Turbo,https://eg.hatla2ee.com/en/new-car/renault/megane/30785
Renault Megane 2022 A/T / Signature + Turbo,https://eg.hatla2ee.com/en/new-car/renault/megane/32699
Renault Kadjar 2022 A/T / INTENSE,https://eg.hatla2ee.com/en/new-car/renault/Kadjar/31700
Renault Kadjar 2022 A/T / Signature,https://eg.hatla2ee.com/en/new-car/renault/Kadjar/30494
Volkswagen Passat 2022 Automtic / Trendline plus,https://eg.hatla2ee.com/en/new-car/volks-wagen/passat/31685
Volkswagen Passat 2022 A/T / Comfortline,https://eg.hatla2ee.com/en/new-car/volks-wagen/passat/31686
Volkswagen Passat 2021 Automtic / Trendline plus,https://eg.hatla2ee.com/en/new-car/volks-wagen/passat/25467
Volkswagen Passat 2021 A/T / Comfortline,https://eg.hatla2ee.com/en/new-car/volks-wagen/passat/25468
Volkswagen Passat 2022 Automtic / Trendline plus,https://eg.hatla2ee.com/en/new-car/volks-wagen/passat/31685
Volkswagen Passat 2022 A/T / Comfortline,https://eg.hatla2ee.com/en/new-car/volks-wagen/passat/31686
Volkswagen Passat 2021 Automtic / Trendline plus,https://eg.hatla2ee.com/en/new-car/volks-wagen/passat/25467
Volkswagen Passat 2021 A/T / Comfortline,https://eg.hatla2ee.com/en/new-car/volks-wagen/passat/25468
Volkswagen Tiguan 2022 A/T / Elegance,https://eg.hatla2ee.com/en/new-car/volks-wagen/tiguan/31689
Volkswagen Tiguan 2022 A/T / R-Line,https://eg.hatla2ee.com/en/new-car/volks-wagen/tiguan/31692
Mercedes A 180 2021 A/T / Premium,https://eg.hatla2ee.com/en/new-car/mercedes/a-180/25116
Mercedes A 180 2021 A/T / Progressive,https://eg.hatla2ee.com/en/new-car/mercedes/a-180/25121
Mercedes B 180 2021 A/T / TOURER PREMIUM,https://eg.hatla2ee.com/en/new-car/mercedes/b-180/25124
Mercedes B 180 2021 A/T / TOURER PROGRESSIVE,https://eg.hatla2ee.com/en/new-car/mercedes/b-180/25127
Mercedes C 180 2022 A/T / sport designo,https://eg.hatla2ee.com/en/new-car/mercedes/c-180/36771
Mercedes C 180 2022 A/T / Avantgarde plus,https://eg.hatla2ee.com/en/new-car/mercedes/c-180/31589
Mercedes C 180 2022 A/T / Sport,https://eg.hatla2ee.com/en/new-car/mercedes/c-180/31592
Mercedes C 180 2021 A/T / Standard,https://eg.hatla2ee.com/en/new-car/mercedes/c-180/25134
Mercedes C 180 2021 A/T / Avantgarde,https://eg.hatla2ee.com/en/new-car/mercedes/c-180/25137
Mercedes C 180 2021 A/T / Avantgarde plus,https://eg.hatla2ee.com/en/new-car/mercedes/c-180/31493
Mercedes CLA 180 2021 A/T / Coupe Progressive,https://eg.hatla2ee.com/en/new-car/mercedes/cla-180/25131
Mercedes GLA 2022 A/T / 200 Progressive,https://eg.hatla2ee.com/en/new-car/mercedes/gla/31653
Mercedes GLA 2021 A/T / 200 Progressive,https://eg.hatla2ee.com/en/new-car/mercedes/gla/24497
Mercedes GLA 2021 A/T / 200 / AMG,https://eg.hatla2ee.com/en/new-car/mercedes/gla/24500
Mercedes CLA 200 2022 A/T / Coupe Progressive,https://eg.hatla2ee.com/en/new-car/mercedes/cla-200/31647
Mercedes CLA 200 2021 A/T / COUPE AMG,https://eg.hatla2ee.com/en/new-car/mercedes/cla-200/25133
Mercedes A 200 2022 A/T / PROGRESSIVE,https://eg.hatla2ee.com/en/new-car/mercedes/a-200/31605
Mercedes B 200 2022 A/T / SPORTS TOURER,https://eg.hatla2ee.com/en/new-car/mercedes/b-200/31608
Mercedes C 200 2022 A/T / sport designo,https://eg.hatla2ee.com/en/new-car/mercedes/c-200/36773
Mercedes C 200 2022 A/T / Sport,https://eg.hatla2ee.com/en/new-car/mercedes/c-200/31595
Mercedes C 200 2021 A/T / Exclusive,https://eg.hatla2ee.com/en/new-car/mercedes/c-200/25142
Mercedes C 180 2022 A/T / sport designo,https://eg.hatla2ee.com/en/new-car/mercedes/c-180/36771
Mercedes C 180 2022 A/T / Avantgarde plus,https://eg.hatla2ee.com/en/new-car/mercedes/c-180/31589
Mercedes C 180 2022 A/T / Sport,https://eg.hatla2ee.com/en/new-car/mercedes/c-180/31592
Mercedes C 180 2021 A/T / Standard,https://eg.hatla2ee.com/en/new-car/mercedes/c-180/25134
Mercedes C 180 2021 A/T / Avantgarde,https://eg.hatla2ee.com/en/new-car/mercedes/c-180/25137
Mercedes C 180 2021 A/T / Avantgarde plus,https://eg.hatla2ee.com/en/new-car/mercedes/c-180/31493
Mercedes CLA 200 2022 A/T / Coupe Progressive,https://eg.hatla2ee.com/en/new-car/mercedes/cla-200/31647
Mercedes CLA 200 2021 A/T / COUPE AMG,https://eg.hatla2ee.com/en/new-car/mercedes/cla-200/25133
Mercedes GLA 2022 A/T / 200 Progressive,https://eg.hatla2ee.com/en/new-car/mercedes/gla/31653
Mercedes GLA 2021 A/T / 200 Progressive,https://eg.hatla2ee.com/en/new-car/mercedes/gla/24497
Mercedes GLA 2021 A/T / 200 / AMG,https://eg.hatla2ee.com/en/new-car/mercedes/gla/24500
Mercedes C 300 2021 Automtic / AMG W/ARTICO,https://eg.hatla2ee.com/en/new-car/mercedes/C+300/25146
Mercedes C 300 2021 A/T / AMG W/LEATHER,https://eg.hatla2ee.com/en/new-car/mercedes/C+300/25148
Mercedes C 300 2021 A/T / AMG Coupe,https://eg.hatla2ee.com/en/new-car/mercedes/C+300/25152
Mercedes C 300 2021 A/T / AMG Cabriolet,https://eg.hatla2ee.com/en/new-car/mercedes/C+300/25154
Mercedes A Class 2022 A/T / AMG A35 4M HATCHBACK,https://eg.hatla2ee.com/en/new-car/mercedes/a-class/31607
Mercedes A Class 2021 A/T / AMG A35 4M HATCHBACK,https://eg.hatla2ee.com/en/new-car/mercedes/a-class/25184
Mercedes A Class 2021 A/T / AMG A35 4M / HB /performance,https://eg.hatla2ee.com/en/new-car/mercedes/a-class/25187
Mercedes C 300 2021 Automtic / AMG W/ARTICO,https://eg.hatla2ee.com/en/new-car/mercedes/C+300/25146
Mercedes C 300 2021 A/T / AMG W/LEATHER,https://eg.hatla2ee.com/en/new-car/mercedes/C+300/25148
Mercedes C 300 2021 A/T / AMG Coupe,https://eg.hatla2ee.com/en/new-car/mercedes/C+300/25152
Mercedes C 300 2021 A/T / AMG Cabriolet,https://eg.hatla2ee.com/en/new-car/mercedes/C+300/25154
Mercedes C 200 2022 A/T / sport designo,https://eg.hatla2ee.com/en/new-car/mercedes/c-200/36773
Mercedes C 200 2022 A/T / Sport,https://eg.hatla2ee.com/en/new-car/mercedes/c-200/31595
Mercedes C 200 2021 A/T / Exclusive,https://eg.hatla2ee.com/en/new-car/mercedes/c-200/25142
Mercedes GLC 200 2022 Automtic / Stander,https://eg.hatla2ee.com/en/new-car/mercedes/GLC-200/36795
Mercedes GLC 200 2021 Automtic / Stander,https://eg.hatla2ee.com/en/new-car/mercedes/GLC-200/24966
Mercedes E 200 2022 A/T / PREMIUM,https://eg.hatla2ee.com/en/new-car/mercedes/e-200/31611
Mercedes E 200 2022 A/T / AVANTGARDE,https://eg.hatla2ee.com/en/new-car/mercedes/e-200/31614
Mercedes E 200 2022 A/T / Coupe AMG,https://eg.hatla2ee.com/en/new-car/mercedes/e-200/31619
Mercedes E 200 2022 A/T / AMG,https://eg.hatla2ee.com/en/new-car/mercedes/e-200/31617
Mercedes E 200 2022 A/T / Cabrio AMG,https://eg.hatla2ee.com/en/new-car/mercedes/e-200/31620
Mercedes E 200 2021 A/T / Premium,https://eg.hatla2ee.com/en/new-car/mercedes/e-200/28641
Mercedes E 200 2021 A/T / AVANTGARDE,https://eg.hatla2ee.com/en/new-car/mercedes/e-200/24473
Mercedes E 200 2021 A/T / AMG Coupé,https://eg.hatla2ee.com/en/new-car/mercedes/e-200/24476
Mercedes E 200 2021 A/T / AMG Cabrio,https://eg.hatla2ee.com/en/new-car/mercedes/e-200/24479
Mercedes A Class 2022 A/T / AMG A35 4M HATCHBACK,https://eg.hatla2ee.com/en/new-car/mercedes/a-class/31607
Mercedes A Class 2021 A/T / AMG A35 4M HATCHBACK,https://eg.hatla2ee.com/en/new-car/mercedes/a-class/25184
Mercedes A Class 2021 A/T / AMG A35 4M / HB /performance,https://eg.hatla2ee.com/en/new-car/mercedes/a-class/25187
Mercedes GLC 200 2022 Automtic / Stander,https://eg.hatla2ee.com/en/new-car/mercedes/GLC-200/36795
Mercedes GLC 200 2021 Automtic / Stander,https://eg.hatla2ee.com/en/new-car/mercedes/GLC-200/24966
Mercedes GLC 300 2022 Automtic / SUV / AMG,https://eg.hatla2ee.com/en/new-car/mercedes/glc-300/36792
Mercedes GLC 300 2022 Automtic,https://eg.hatla2ee.com/en/new-car/mercedes/glc-300/37941
Mercedes GLC 300 2022 Automtic / coupe / AMG,https://eg.hatla2ee.com/en/new-car/mercedes/glc-300/36774
Mercedes GLC 300 2021 Automtic / SUV / AMG,https://eg.hatla2ee.com/en/new-car/mercedes/glc-300/24968
Mercedes GLC 300 2021 Automtic / coupe Designo / AMG,https://eg.hatla2ee.com/en/new-car/mercedes/glc-300/24969
Mercedes GLC 300 2021 Automtic / coupe / AMG,https://eg.hatla2ee.com/en/new-car/mercedes/glc-300/24974
Mercedes E 200 2022 A/T / PREMIUM,https://eg.hatla2ee.com/en/new-car/mercedes/e-200/31611
Mercedes E 200 2022 A/T / AVANTGARDE,https://eg.hatla2ee.com/en/new-car/mercedes/e-200/31614
Mercedes E 200 2022 A/T / Coupe AMG,https://eg.hatla2ee.com/en/new-car/mercedes/e-200/31619
Mercedes E 200 2022 A/T / AMG,https://eg.hatla2ee.com/en/new-car/mercedes/e-200/31617
Mercedes E 200 2022 A/T / Cabrio AMG,https://eg.hatla2ee.com/en/new-car/mercedes/e-200/31620
Mercedes E 200 2021 A/T / Premium,https://eg.hatla2ee.com/en/new-car/mercedes/e-200/28641
Mercedes E 200 2021 A/T / AVANTGARDE,https://eg.hatla2ee.com/en/new-car/mercedes/e-200/24473
Mercedes E 200 2021 A/T / AMG Coupé,https://eg.hatla2ee.com/en/new-car/mercedes/e-200/24476
Mercedes E 200 2021 A/T / AMG Cabrio,https://eg.hatla2ee.com/en/new-car/mercedes/e-200/24479
Mercedes E 300 2022 A/T / EXCLUSIVE,https://eg.hatla2ee.com/en/new-car/mercedes/e-300/31622
Mercedes E 300 2021 A/T / AMG,https://eg.hatla2ee.com/en/new-car/mercedes/e-300/24484
Mercedes E 300 2021 A/T / EXCLUSIVE,https://eg.hatla2ee.com/en/new-car/mercedes/e-300/24481
Mercedes GLC 300 2022 Automtic / SUV / AMG,https://eg.hatla2ee.com/en/new-car/mercedes/glc-300/36792
Mercedes GLC 300 2022 Automtic,https://eg.hatla2ee.com/en/new-car/mercedes/glc-300/37941
Mercedes GLC 300 2022 Automtic / coupe / AMG,https://eg.hatla2ee.com/en/new-car/mercedes/glc-300/36774
Mercedes GLC 300 2021 Automtic / SUV / AMG,https://eg.hatla2ee.com/en/new-car/mercedes/glc-300/24968
Mercedes GLC 300 2021 Automtic / coupe Designo / AMG,https://eg.hatla2ee.com/en/new-car/mercedes/glc-300/24969
Mercedes GLC 300 2021 Automtic / coupe / AMG,https://eg.hatla2ee.com/en/new-car/mercedes/glc-300/24974
Mercedes CLS Class 2022 A/T / (350) coupe,https://eg.hatla2ee.com/en/new-car/mercedes/cls-class/31650
Mercedes CLS Class 2021 A/T / (350) coupe,https://eg.hatla2ee.com/en/new-car/mercedes/cls-class/25158
Mercedes E 300 2022 A/T / EXCLUSIVE,https://eg.hatla2ee.com/en/new-car/mercedes/e-300/31622
Mercedes E 300 2021 A/T / AMG,https://eg.hatla2ee.com/en/new-car/mercedes/e-300/24484
Mercedes E 300 2021 A/T / EXCLUSIVE,https://eg.hatla2ee.com/en/new-car/mercedes/e-300/24481
Mercedes CLS Class 2022 A/T / (350) coupe,https://eg.hatla2ee.com/en/new-car/mercedes/cls-class/31650
Mercedes CLS Class 2021 A/T / (350) coupe,https://eg.hatla2ee.com/en/new-car/mercedes/cls-class/25158
Mercedes GLE 2022 A/T / 450 4MATIC,https://eg.hatla2ee.com/en/new-car/mercedes/gle/31451
Mercedes E 53 AMG 2022 A/T / AMG,https://eg.hatla2ee.com/en/new-car/mercedes/E-53-AMG+/31625
Mercedes E 53 AMG 2021 A/T / 4M+ COUPE,https://eg.hatla2ee.com/en/new-car/mercedes/E-53-AMG+/25173
Mercedes E 53 AMG 2021 A/T / 4M+ COUPE / performance,https://eg.hatla2ee.com/en/new-car/mercedes/E-53-AMG+/28645
Mercedes AMG GT 2022 A/T / 43-DOOR COUPE,https://eg.hatla2ee.com/en/new-car/mercedes/AMG-GT/31656
Mercedes AMG GT 2022 A/T / 53 4M+4DOOR COUPE AMG,https://eg.hatla2ee.com/en/new-car/mercedes/AMG-GT/31659
Mercedes AMG GT 2021 A/T / 43-DOOR COUPE,https://eg.hatla2ee.com/en/new-car/mercedes/AMG-GT/25164
Mercedes AMG GT 2021 A/T / 43-DOOR COUPE / LEATHER,https://eg.hatla2ee.com/en/new-car/mercedes/AMG-GT/28674
Mercedes AMG GT 2021 A/T / 53 4M+4DOOR COUPE AMG,https://eg.hatla2ee.com/en/new-car/mercedes/AMG-GT/25167
Mercedes AMG GT 2021 A/T / 53 4M+4DOOR COUPE EXCLUSIVE LEATHER,https://eg.hatla2ee.com/en/new-car/mercedes/AMG-GT/25170
Mercedes AMG GT 2021 A/T / 53 4M+4DOOR COUPE PERFORMANCE,https://eg.hatla2ee.com/en/new-car/mercedes/AMG-GT/25172
Mercedes E 53 AMG 2022 A/T / AMG,https://eg.hatla2ee.com/en/new-car/mercedes/E-53-AMG+/31625
Mercedes E 53 AMG 2021 A/T / 4M+ COUPE,https://eg.hatla2ee.com/en/new-car/mercedes/E-53-AMG+/25173
Mercedes E 53 AMG 2021 A/T / 4M+ COUPE / performance,https://eg.hatla2ee.com/en/new-car/mercedes/E-53-AMG+/28645
Mercedes GLS 2022 A/T / 580 class,https://eg.hatla2ee.com/en/new-car/mercedes/GLS/31515
Mercedes AMG GT 2022 A/T / 43-DOOR COUPE,https://eg.hatla2ee.com/en/new-car/mercedes/AMG-GT/31656
Mercedes AMG GT 2022 A/T / 53 4M+4DOOR COUPE AMG,https://eg.hatla2ee.com/en/new-car/mercedes/AMG-GT/31659
Mercedes AMG GT 2021 A/T / 43-DOOR COUPE,https://eg.hatla2ee.com/en/new-car/mercedes/AMG-GT/25164
Mercedes AMG GT 2021 A/T / 43-DOOR COUPE / LEATHER,https://eg.hatla2ee.com/en/new-car/mercedes/AMG-GT/28674
Mercedes AMG GT 2021 A/T / 53 4M+4DOOR COUPE AMG,https://eg.hatla2ee.com/en/new-car/mercedes/AMG-GT/25167
Mercedes AMG GT 2021 A/T / 53 4M+4DOOR COUPE EXCLUSIVE LEATHER,https://eg.hatla2ee.com/en/new-car/mercedes/AMG-GT/25170
Mercedes AMG GT 2021 A/T / 53 4M+4DOOR COUPE PERFORMANCE,https://eg.hatla2ee.com/en/new-car/mercedes/AMG-GT/25172
Mercedes G Class 2022 A/T / 500,https://eg.hatla2ee.com/en/new-car/mercedes/g-class/32685
Mercedes G Class 2022 A/T / AMG G 63,https://eg.hatla2ee.com/en/new-car/mercedes/g-class/32687
Mercedes G Class 2022 A/T / AMG G 63 / NIGHT EDITION,https://eg.hatla2ee.com/en/new-car/mercedes/g-class/37937
Mercedes G Class 2021 A/T / 500,https://eg.hatla2ee.com/en/new-car/mercedes/g-class/25115
Mercedes G Class 2021 A/T / AMG G 63,https://eg.hatla2ee.com/en/new-car/mercedes/g-class/31496
Mercedes G Class 2022 A/T / 500,https://eg.hatla2ee.com/en/new-car/mercedes/g-class/32685
Mercedes G Class 2022 A/T / AMG G 63,https://eg.hatla2ee.com/en/new-car/mercedes/g-class/32687
Mercedes G Class 2022 A/T / AMG G 63 / NIGHT EDITION,https://eg.hatla2ee.com/en/new-car/mercedes/g-class/37937
Mercedes G Class 2021 A/T / 500,https://eg.hatla2ee.com/en/new-car/mercedes/g-class/25115
Mercedes G Class 2021 A/T / AMG G 63,https://eg.hatla2ee.com/en/new-car/mercedes/g-class/31496
Mercedes Maybach 2022 Automtic,https://eg.hatla2ee.com/en/new-car/mercedes/Maybach/31598
MG 5 2022 A/T / Standard,https://eg.hatla2ee.com/en/new-car/moris-garage/mg-5/31007
MG 5 2022 A/T / Comfort,https://eg.hatla2ee.com/en/new-car/moris-garage/mg-5/31011
MG 5 2022 A/T / Luxury,https://eg.hatla2ee.com/en/new-car/moris-garage/mg-5/31014
MG ZS 2022 Automatic / Classic,https://eg.hatla2ee.com/en/new-car/moris-garage/zs/31023
MG ZS 2022 Automatic / Comfort,https://eg.hatla2ee.com/en/new-car/moris-garage/zs/31026
MG ZS 2022 Automatic / Luxury,https://eg.hatla2ee.com/en/new-car/moris-garage/zs/31031
MG 6 2022 A/T / Comfort,https://eg.hatla2ee.com/en/new-car/moris-garage/mg-6/31055
MG 6 2022 A/T / LUX / Black interior,https://eg.hatla2ee.com/en/new-car/moris-garage/mg-6/31056
MG 6 2022 A/T / LUX / Red Interior),https://eg.hatla2ee.com/en/new-car/moris-garage/mg-6/31058
MG Rx5 2022 A/T / Comfort,https://eg.hatla2ee.com/en/new-car/moris-garage/Rx5/31043
MG Rx5 2022 A/T / Luxury,https://eg.hatla2ee.com/en/new-car/moris-garage/Rx5/31044
MG HS 2022 A/T / Luxury Black Interior,https://eg.hatla2ee.com/en/new-car/moris-garage/MG-HS/31034
MG HS 2022 A/T / Luxury Brown Interior,https://eg.hatla2ee.com/en/new-car/moris-garage/MG-HS/31035
MG HS 2022 Automatic / LFC Edition,https://eg.hatla2ee.com/en/new-car/moris-garage/MG-HS/31037
BMW 118 2022 A/T / Lci sport line,https://eg.hatla2ee.com/en/new-car/bmw/118/36434
BMW 118 2021 A/T / Sport Shadow,https://eg.hatla2ee.com/en/new-car/bmw/118/23938
BMW X1 2022 A/T / X-Line,https://eg.hatla2ee.com/en/new-car/bmw/x1/36450
BMW X1 2022 A/T / Sport Line,https://eg.hatla2ee.com/en/new-car/bmw/x1/36453
BMW X1 2021 A/T / X-Line,https://eg.hatla2ee.com/en/new-car/bmw/x1/23944
BMW X1 2021 A/T / Sport,https://eg.hatla2ee.com/en/new-car/bmw/x1/23946
BMW 118 2022 A/T / Lci sport line,https://eg.hatla2ee.com/en/new-car/bmw/118/36434
BMW 118 2021 A/T / Sport Shadow,https://eg.hatla2ee.com/en/new-car/bmw/118/23938
BMW 320 2022 A/T / Exclusive,https://eg.hatla2ee.com/en/new-car/bmw/320/36440
BMW 320 2022 A/T / Luxury,https://eg.hatla2ee.com/en/new-car/bmw/320/36441
BMW 320 2021 A/T / Exclusive,https://eg.hatla2ee.com/en/new-car/bmw/320/23922
BMW 320 2021 A/T / Luxury,https://eg.hatla2ee.com/en/new-car/bmw/320/23925
BMW X1 2022 A/T / X-Line,https://eg.hatla2ee.com/en/new-car/bmw/x1/36450
BMW X1 2022 A/T / Sport Line,https://eg.hatla2ee.com/en/new-car/bmw/x1/36453
BMW X1 2021 A/T / X-Line,https://eg.hatla2ee.com/en/new-car/bmw/x1/23944
BMW X1 2021 A/T / Sport,https://eg.hatla2ee.com/en/new-car/bmw/x1/23946
BMW 320 2022 A/T / Exclusive,https://eg.hatla2ee.com/en/new-car/bmw/320/36440
BMW 320 2022 A/T / Luxury,https://eg.hatla2ee.com/en/new-car/bmw/320/36441
BMW 320 2021 A/T / Exclusive,https://eg.hatla2ee.com/en/new-car/bmw/320/23922
BMW 320 2021 A/T / Luxury,https://eg.hatla2ee.com/en/new-car/bmw/320/23925
BMW 520 2022 A/T / Luxury Line,https://eg.hatla2ee.com/en/new-car/bmw/520/36443
BMW 520 2021 A/T / Luxury Line,https://eg.hatla2ee.com/en/new-car/bmw/520/23931
BMW X3 2022 A/T / xDrive30i,https://eg.hatla2ee.com/en/new-car/bmw/x3/36455
BMW X3 2022 A/T / M Performance,https://eg.hatla2ee.com/en/new-car/bmw/x3/36456
BMW X4 2022 A/T / xDrive X30I M,https://eg.hatla2ee.com/en/new-car/bmw/x4/36458
BMW X4 2021 A/T / xDrive,https://eg.hatla2ee.com/en/new-car/bmw/x4/19318
BMW X3 2022 A/T / xDrive30i,https://eg.hatla2ee.com/en/new-car/bmw/x3/36455
BMW X3 2022 A/T / M Performance,https://eg.hatla2ee.com/en/new-car/bmw/x3/36456
BMW X4 2022 A/T / xDrive X30I M,https://eg.hatla2ee.com/en/new-car/bmw/x4/36458
BMW X4 2021 A/T / xDrive,https://eg.hatla2ee.com/en/new-car/bmw/x4/19318
BMW X5 2022 A/T / xDrive M40i,https://eg.hatla2ee.com/en/new-car/bmw/x5/36461
BMW X5 2022 A/T / XDrive M50i,https://eg.hatla2ee.com/en/new-car/bmw/x5/36462
BMW 730 2022 Automtic / lci,https://eg.hatla2ee.com/en/new-car/bmw/730/36446
BMW 730 2021 Automtic,https://eg.hatla2ee.com/en/new-car/bmw/730/23779
BMW X5 2022 A/T / xDrive M40i,https://eg.hatla2ee.com/en/new-car/bmw/x5/36461
BMW X5 2022 A/T / XDrive M50i,https://eg.hatla2ee.com/en/new-car/bmw/x5/36462
BMW X6 2022 A/T / M50I Performance,https://eg.hatla2ee.com/en/new-car/bmw/x6/36464
BMW X6 2021 A/T / M Performance,https://eg.hatla2ee.com/en/new-car/bmw/x6/23941
BMW X7 2022 A/T / M50I Performance,https://eg.hatla2ee.com/en/new-car/bmw/BMW-X7/36467
BMW X7 2021 A/T / M Performance,https://eg.hatla2ee.com/en/new-car/bmw/BMW-X7/25408
BMW X6 2022 A/T / M50I Performance,https://eg.hatla2ee.com/en/new-car/bmw/x6/36464
BMW X6 2021 A/T / M Performance,https://eg.hatla2ee.com/en/new-car/bmw/x6/23941
BMW X7 2022 A/T / M50I Performance,https://eg.hatla2ee.com/en/new-car/bmw/BMW-X7/36467
BMW X7 2021 A/T / M Performance,https://eg.hatla2ee.com/en/new-car/bmw/BMW-X7/25408
Mitsubishi Xpander 2023 Automatic / Midline,https://eg.hatla2ee.com/en/new-car/mitsubishi/Xpander/38925
Mitsubishi Xpander 2023 Automatic / HL,https://eg.hatla2ee.com/en/new-car/mitsubishi/Xpander/38928
Mitsubishi Xpander 2022 Automatic / Midline,https://eg.hatla2ee.com/en/new-car/mitsubishi/Xpander/30521
Mitsubishi Xpander 2022 Automatic / HL,https://eg.hatla2ee.com/en/new-car/mitsubishi/Xpander/30518
Mitsubishi Xpander 2021 Automatic / Midline+,https://eg.hatla2ee.com/en/new-car/mitsubishi/Xpander/29071
Mitsubishi Attrage 2023 A/T / Highline,https://eg.hatla2ee.com/en/new-car/mitsubishi/attrage/38342
Mitsubishi Mirage 2023 A/T / Highline,https://eg.hatla2ee.com/en/new-car/mitsubishi/mirage/38345
Mitsubishi Eclipse Cross 2023 A/T / Insport GLX,https://eg.hatla2ee.com/en/new-car/mitsubishi/Eclipse-Cross/38931
Mitsubishi Eclipse Cross 2023 A/T / Inspire GLS,https://eg.hatla2ee.com/en/new-car/mitsubishi/Eclipse-Cross/38933
Mitsubishi Eclipse Cross 2023 A/T / Instyle GLS,https://eg.hatla2ee.com/en/new-car/mitsubishi/Eclipse-Cross/38934
Mitsubishi Eclipse Cross 2023 A/T / GLX 4WD,https://eg.hatla2ee.com/en/new-car/mitsubishi/Eclipse-Cross/38942
Mitsubishi Eclipse Cross 2021 Automtic / GLX MIDLINE,https://eg.hatla2ee.com/en/new-car/mitsubishi/Eclipse-Cross/26136
Mitsubishi Eclipse Cross 2021 Automtic / GLS MIDLINE,https://eg.hatla2ee.com/en/new-car/mitsubishi/Eclipse-Cross/26137
Mitsubishi Eclipse Cross 2021 A/T / Insport,https://eg.hatla2ee.com/en/new-car/mitsubishi/Eclipse-Cross/29136
Mitsubishi Eclipse Cross 2021 A/T / Highline,https://eg.hatla2ee.com/en/new-car/mitsubishi/Eclipse-Cross/26139
Mitsubishi Eclipse Cross 2021 A/T / Instyle,https://eg.hatla2ee.com/en/new-car/mitsubishi/Eclipse-Cross/29148
Mitsubishi Eclipse Cross 2021 A/T / Top Line,https://eg.hatla2ee.com/en/new-car/mitsubishi/Eclipse-Cross/26142
Mitsubishi Eclipse Cross 2021 A/T / Premium,https://eg.hatla2ee.com/en/new-car/mitsubishi/Eclipse-Cross/26145
Mitsubishi Xpander 2023 Automatic / Midline,https://eg.hatla2ee.com/en/new-car/mitsubishi/Xpander/38925
Mitsubishi Xpander 2023 Automatic / HL,https://eg.hatla2ee.com/en/new-car/mitsubishi/Xpander/38928
Mitsubishi Xpander 2022 Automatic / Midline,https://eg.hatla2ee.com/en/new-car/mitsubishi/Xpander/30521
Mitsubishi Xpander 2022 Automatic / HL,https://eg.hatla2ee.com/en/new-car/mitsubishi/Xpander/30518
Mitsubishi Xpander 2021 Automatic / Midline+,https://eg.hatla2ee.com/en/new-car/mitsubishi/Xpander/29071
Mitsubishi Eclipse Cross 2022 A/T / Insport GLX,https://eg.hatla2ee.com/en/new-car/mitsubishi/Eclipse-Cross-shape-facelift/30522
Mitsubishi Eclipse Cross 2022 A/T / Inspire GLS,https://eg.hatla2ee.com/en/new-car/mitsubishi/Eclipse-Cross-shape-facelift/30525
Mitsubishi Eclipse Cross 2022 A/T / Instyle GLS,https://eg.hatla2ee.com/en/new-car/mitsubishi/Eclipse-Cross-shape-facelift/30527
Mitsubishi Eclipse Cross 2022 A/T / Infinity GLS,https://eg.hatla2ee.com/en/new-car/mitsubishi/Eclipse-Cross-shape-facelift/30528
Mitsubishi Eclipse Cross 2023 A/T / Insport GLX,https://eg.hatla2ee.com/en/new-car/mitsubishi/Eclipse-Cross/38931
Mitsubishi Eclipse Cross 2023 A/T / Inspire GLS,https://eg.hatla2ee.com/en/new-car/mitsubishi/Eclipse-Cross/38933
Mitsubishi Eclipse Cross 2023 A/T / Instyle GLS,https://eg.hatla2ee.com/en/new-car/mitsubishi/Eclipse-Cross/38934
Mitsubishi Eclipse Cross 2023 A/T / GLX 4WD,https://eg.hatla2ee.com/en/new-car/mitsubishi/Eclipse-Cross/38942
Mitsubishi Eclipse Cross 2021 Automtic / GLX MIDLINE,https://eg.hatla2ee.com/en/new-car/mitsubishi/Eclipse-Cross/26136
Mitsubishi Eclipse Cross 2021 Automtic / GLS MIDLINE,https://eg.hatla2ee.com/en/new-car/mitsubishi/Eclipse-Cross/26137
Mitsubishi Eclipse Cross 2021 A/T / Insport,https://eg.hatla2ee.com/en/new-car/mitsubishi/Eclipse-Cross/29136
Mitsubishi Eclipse Cross 2021 A/T / Highline,https://eg.hatla2ee.com/en/new-car/mitsubishi/Eclipse-Cross/26139
Mitsubishi Eclipse Cross 2021 A/T / Instyle,https://eg.hatla2ee.com/en/new-car/mitsubishi/Eclipse-Cross/29148
Mitsubishi Eclipse Cross 2021 A/T / Top Line,https://eg.hatla2ee.com/en/new-car/mitsubishi/Eclipse-Cross/26142
Mitsubishi Eclipse Cross 2021 A/T / Premium,https://eg.hatla2ee.com/en/new-car/mitsubishi/Eclipse-Cross/26145
Cupra Formentor 2022 Automtic,https://eg.hatla2ee.com/en/new-car/cupra/Formentor/36486
Toyota Belta 2022 A/T / Active,https://eg.hatla2ee.com/en/new-car/toyota/Belta/32487
Toyota Belta 2022 A/T / Smart,https://eg.hatla2ee.com/en/new-car/toyota/Belta/32490
Toyota Rumion 2022 A/T / GL,https://eg.hatla2ee.com/en/new-car/toyota/Rumion/33447
Toyota Rumion 2022 A/T / GLX,https://eg.hatla2ee.com/en/new-car/toyota/Rumion/33455
Toyota Corolla 2022 Automatic / Active,https://eg.hatla2ee.com/en/new-car/toyota/corolla/30368
Toyota Corolla 2022 Automatic / Comfort,https://eg.hatla2ee.com/en/new-car/toyota/corolla/30371
Toyota Corolla 2022 Automtic / SMART,https://eg.hatla2ee.com/en/new-car/toyota/corolla/30372
Toyota Corolla 2022 Automatic / SMART / Sun Roof,https://eg.hatla2ee.com/en/new-car/toyota/corolla/30374
Toyota Corolla 2022 Automtic / GR,https://eg.hatla2ee.com/en/new-car/toyota/corolla/30387
Toyota Corolla 2022 Automatic / Elgance,https://eg.hatla2ee.com/en/new-car/toyota/corolla/30375
Toyota Corolla 2022 A/T / High Line / Hybrid,https://eg.hatla2ee.com/en/new-car/toyota/corolla/30380
Toyota Rush 2022 A/T / F/O,https://eg.hatla2ee.com/en/new-car/toyota/Rush/30915
Toyota Rush 2022 A/T / Highline,https://eg.hatla2ee.com/en/new-car/toyota/Rush/30918
Toyota Yaris 2022 A/T / Comfort,https://eg.hatla2ee.com/en/new-car/toyota/yaris/36624
Toyota Yaris 2022 A/T / Smart,https://eg.hatla2ee.com/en/new-car/toyota/yaris/36626
Toyota C-HR 2022 Automtic,https://eg.hatla2ee.com/en/new-car/toyota/C-HR/30909
Toyota Fortuner 2023 A/T / SMART,https://eg.hatla2ee.com/en/new-car/toyota/fortuner/36785
Toyota Fortuner 2023 Automtic / ELEGANCE,https://eg.hatla2ee.com/en/new-car/toyota/fortuner/36788
Toyota Fortuner 2023 A/T / Sport,https://eg.hatla2ee.com/en/new-car/toyota/fortuner/36789
Toyota Fortuner 2022 A/T / SMART,https://eg.hatla2ee.com/en/new-car/toyota/fortuner/29809
Toyota Fortuner 2022 Automtic / ELEGANCE,https://eg.hatla2ee.com/en/new-car/toyota/fortuner/29808
Toyota Rav 4 2022 A/T / Full Option,https://eg.hatla2ee.com/en/new-car/toyota/rav4/36633
Toyota Rav 4 2021 A/T / Full Option,https://eg.hatla2ee.com/en/new-car/toyota/rav4/30591
Toyota Rav 4 2021 A/T / High Line,https://eg.hatla2ee.com/en/new-car/toyota/rav4/30594
Toyota Camry 2022 Automatic / High Line,https://eg.hatla2ee.com/en/new-car/toyota/camry/36629
Toyota Camry 2021 Automatic / High Line,https://eg.hatla2ee.com/en/new-car/toyota/camry/30596
Toyota Rav 4 2022 A/T / Full Option,https://eg.hatla2ee.com/en/new-car/toyota/rav4/36633
Toyota Rav 4 2021 A/T / Full Option,https://eg.hatla2ee.com/en/new-car/toyota/rav4/30591
Toyota Rav 4 2021 A/T / High Line,https://eg.hatla2ee.com/en/new-car/toyota/rav4/30594
Toyota Prado 2022 A/T / Full option,https://eg.hatla2ee.com/en/new-car/toyota/prado/36635
Toyota Prado 2021 A/T / Full option,https://eg.hatla2ee.com/en/new-car/toyota/prado/24588
Toyota Camry 2022 Automatic / High Line,https://eg.hatla2ee.com/en/new-car/toyota/camry/36629
Toyota Camry 2021 Automatic / High Line,https://eg.hatla2ee.com/en/new-car/toyota/camry/30596
Toyota Prado 2022 A/T / Full option,https://eg.hatla2ee.com/en/new-car/toyota/prado/36635
Toyota Prado 2021 A/T / Full option,https://eg.hatla2ee.com/en/new-car/toyota/prado/24588
Mazda Cx 3 2022 A/T / Luxury,https://eg.hatla2ee.com/en/new-car/mazda/Cx-3/35801
Mazda 3 2022 A/T / Sport,https://eg.hatla2ee.com/en/new-car/mazda/mazda-3/35811
Mazda 3 2022 A/T / HB Executive,https://eg.hatla2ee.com/en/new-car/mazda/mazda-3/35819
Mazda 3 2022 A/T / Executive,https://eg.hatla2ee.com/en/new-car/mazda/mazda-3/35814
Mazda 3 2022 A/T / HB Premium,https://eg.hatla2ee.com/en/new-car/mazda/mazda-3/35822
Mazda 3 2022 A/T / Premium,https://eg.hatla2ee.com/en/new-car/mazda/mazda-3/35816
Subaru Impreza 2022 A/T,https://eg.hatla2ee.com/en/new-car/subaru/impreza/35454
Subaru XV 2022 A/T / Full Option,https://eg.hatla2ee.com/en/new-car/subaru/xv/35460
Subaru XV 2022 A/T / Premium,https://eg.hatla2ee.com/en/new-car/subaru/xv/35463
Subaru XV 2022 A/T / Luxury,https://eg.hatla2ee.com/en/new-car/subaru/xv/35466
Forthing T5 evo 2022 Automtic / luxury,https://eg.hatla2ee.com/en/new-car/forthing/T5+evo/37371
Forthing T5 evo 2022 Automtic / luxury / black,https://eg.hatla2ee.com/en/new-car/forthing/T5+evo/37372
Forthing T5 evo 2022 Automatic / red brushes,https://eg.hatla2ee.com/en/new-car/forthing/T5+evo/37373
Forthing T5 evo 2022 Automatic / Exclusive / NABA,https://eg.hatla2ee.com/en/new-car/forthing/T5+evo/37374
Lada Granta 2023 A/T / E1,https://eg.hatla2ee.com/en/new-car/lada/granta/37974
Lada Granta 2023 A/T / E2,https://eg.hatla2ee.com/en/new-car/lada/granta/37968
Lada Granta 2022 A/T / E1,https://eg.hatla2ee.com/en/new-car/lada/granta/30350
Lada Granta 2022 A/T / E2,https://eg.hatla2ee.com/en/new-car/lada/granta/30282
Geely Cool Ray 2022 A/T / Comfort,https://eg.hatla2ee.com/en/new-car/geely/Coolray/32729
Geely Cool Ray 2022 A/T / Premium,https://eg.hatla2ee.com/en/new-car/geely/Coolray/32732
Geely Cool Ray 2022 A/T / Premium / black,https://eg.hatla2ee.com/en/new-car/geely/Coolray/38249
Geely Okavango 2022 A/T / Comfort,https://eg.hatla2ee.com/en/new-car/geely/Okavango/32733
Geely Okavango 2022 A/T / Premium,https://eg.hatla2ee.com/en/new-car/geely/Okavango/32736
Jac JS3 2022 A/T / Smart,https://eg.hatla2ee.com/en/new-car/jac/JS3/30791
Jac JS4 2022 A/T / Deluxe,https://eg.hatla2ee.com/en/new-car/jac/JS4/31934
Jac JS4 2022 A/T / Utlimate,https://eg.hatla2ee.com/en/new-car/jac/JS4/31937
Jac J7 2022 A/T / Deluxe,https://eg.hatla2ee.com/en/new-car/jac/J7/31676
Jac J7 2022 A/T / Ultimate,https://eg.hatla2ee.com/en/new-car/jac/J7/31679
Dongfeng Aeolus A30 2023 A/T,https://eg.hatla2ee.com/en/new-car/dfm/Aeolus-A30/35546
Dongfeng Venucia Star 2022 A/T / Top Line,https://eg.hatla2ee.com/en/new-car/dfm/Venucia-Star/37008
Dongfeng Venucia Star 2022 A/T / 2 colors,https://eg.hatla2ee.com/en/new-car/dfm/Venucia-Star/37011
Opel Astra 2021 Automatic / High line,https://eg.hatla2ee.com/en/new-car/opel/astra/24157
Opel Corsa 2023 A/T / Elegance,https://eg.hatla2ee.com/en/new-car/opel/corsa/38297
Opel Corsa 2023 A/T / Top line Plus,https://eg.hatla2ee.com/en/new-car/opel/corsa/38298
Opel Corsa 2022 A/T / Elegance,https://eg.hatla2ee.com/en/new-car/opel/corsa/31734
Opel Corsa 2022 A/T / Top line Plus,https://eg.hatla2ee.com/en/new-car/opel/corsa/34899
Opel Crossland 2023 A/T / Elegance,https://eg.hatla2ee.com/en/new-car/opel/Crossland/38304
Opel Crossland 2023 A/T / Top Line,https://eg.hatla2ee.com/en/new-car/opel/Crossland/38306
Opel Crossland 2022 A/T / Elegance,https://eg.hatla2ee.com/en/new-car/opel/Crossland/30624
Opel Crossland 2022 A/T / Top Line,https://eg.hatla2ee.com/en/new-car/opel/Crossland/30627
Opel Corsa 2023 A/T / Elegance,https://eg.hatla2ee.com/en/new-car/opel/corsa/38297
Opel Corsa 2023 A/T / Top line Plus,https://eg.hatla2ee.com/en/new-car/opel/corsa/38298
Opel Corsa 2022 A/T / Elegance,https://eg.hatla2ee.com/en/new-car/opel/corsa/31734
Opel Corsa 2022 A/T / Top line Plus,https://eg.hatla2ee.com/en/new-car/opel/corsa/34899
Opel Mokka 2023 A/T / Elegance,https://eg.hatla2ee.com/en/new-car/opel/Mokka/38300
Opel Mokka 2023 A/T / GS Line,https://eg.hatla2ee.com/en/new-car/opel/Mokka/38303
Opel Mokka 2022 A/T / Elegance,https://eg.hatla2ee.com/en/new-car/opel/Mokka/35501
Opel Mokka 2022 A/T / GS Line,https://eg.hatla2ee.com/en/new-car/opel/Mokka/35502
Opel Crossland 2023 A/T / Elegance,https://eg.hatla2ee.com/en/new-car/opel/Crossland/38304
Opel Crossland 2023 A/T / Top Line,https://eg.hatla2ee.com/en/new-car/opel/Crossland/38306
Opel Crossland 2022 A/T / Elegance,https://eg.hatla2ee.com/en/new-car/opel/Crossland/30624
Opel Crossland 2022 A/T / Top Line,https://eg.hatla2ee.com/en/new-car/opel/Crossland/30627
Opel Grandland 2022 A/T / high line,https://eg.hatla2ee.com/en/new-car/opel/Grandland/31323
Opel Grandland 2022 A/T / top line,https://eg.hatla2ee.com/en/new-car/opel/Grandland/31328
Opel Mokka 2023 A/T / Elegance,https://eg.hatla2ee.com/en/new-car/opel/Mokka/38300
Opel Mokka 2023 A/T / GS Line,https://eg.hatla2ee.com/en/new-car/opel/Mokka/38303
Opel Mokka 2022 A/T / Elegance,https://eg.hatla2ee.com/en/new-car/opel/Mokka/35501
Opel Mokka 2022 A/T / GS Line,https://eg.hatla2ee.com/en/new-car/opel/Mokka/35502
Honda City 2022 A/T / LX,https://eg.hatla2ee.com/en/new-car/honda/city/33266
Honda City 2022 A/T / LX / Sport,https://eg.hatla2ee.com/en/new-car/honda/city/33269
Honda City 2021 A/T / LX,https://eg.hatla2ee.com/en/new-car/honda/city/29580
Honda City 2021 A/T / LX-S,https://eg.hatla2ee.com/en/new-car/honda/city/31829
Honda Civic 2021 A/T / LXI,https://eg.hatla2ee.com/en/new-car/honda/civic/27420
Honda City 2022 A/T / LX,https://eg.hatla2ee.com/en/new-car/honda/city/33266
Honda City 2022 A/T / LX / Sport,https://eg.hatla2ee.com/en/new-car/honda/city/33269
Honda City 2021 A/T / LX,https://eg.hatla2ee.com/en/new-car/honda/city/29580
Honda City 2021 A/T / LX-S,https://eg.hatla2ee.com/en/new-car/honda/city/31829
Honda CRV 2022 A/T / LX,https://eg.hatla2ee.com/en/new-car/honda/crv/33249
Honda CRV 2022 A/T / EX,https://eg.hatla2ee.com/en/new-car/honda/crv/33251
Honda CRV 2021 A/T / LX,https://eg.hatla2ee.com/en/new-car/honda/crv/31529
Honda CRV 2021 A/T / EX,https://eg.hatla2ee.com/en/new-car/honda/crv/31532
Honda Accord 2022 A/T / EXL,https://eg.hatla2ee.com/en/new-car/honda/accord/33261
Honda Accord 2022 A/T / Premium,https://eg.hatla2ee.com/en/new-car/honda/accord/36888
Honda Accord 2021 A/T / EXL,https://eg.hatla2ee.com/en/new-car/honda/accord/31302
Honda CRV 2022 A/T / LX,https://eg.hatla2ee.com/en/new-car/honda/crv/33249
Honda CRV 2022 A/T / EX,https://eg.hatla2ee.com/en/new-car/honda/crv/33251
Honda CRV 2021 A/T / LX,https://eg.hatla2ee.com/en/new-car/honda/crv/31529
Honda CRV 2021 A/T / EX,https://eg.hatla2ee.com/en/new-car/honda/crv/31532
Mini Cooper 2020 A/T / 3 Door Salt,https://eg.hatla2ee.com/en/new-car/mini/cooper/19611
Mini Cooper 2020 A/T / 3 Door Chili,https://eg.hatla2ee.com/en/new-car/mini/cooper/19612
Mini Cooper Hatch 2020 A/T / 5 Door,https://eg.hatla2ee.com/en/new-car/mini/cooper-hatch/19608
Mini Clubman 2020 A/T / Chili Edition,https://eg.hatla2ee.com/en/new-car/mini/clubman/19602
Mini Convertible 2020 A/T / Cabrio,https://eg.hatla2ee.com/en/new-car/mini/convertible/19599
Mini Mini Cooper S 2020 A/T,https://eg.hatla2ee.com/en/new-car/mini/mini-cooper-s/19609
Mini Countryman S 2020 A/T / S /Chili Edition,https://eg.hatla2ee.com/en/new-car/mini/Countryman-S/19606
DFSK 330S 2022 M/T Highline,https://eg.hatla2ee.com/en/new-car/dfsk/330S/36711
DFSK 330S 2022 M/T/ Highline / gas,https://eg.hatla2ee.com/en/new-car/dfsk/330S/36713
DFSK 330S 2022 M/T / TOPLINE,https://eg.hatla2ee.com/en/new-car/dfsk/330S/36717
DFSK 330S 2022 M/T / TOPLINE / gas,https://eg.hatla2ee.com/en/new-car/dfsk/330S/36723
DFSK EAGLE 580 2022 A/T / Luxury,https://eg.hatla2ee.com/en/new-car/dfsk/eagle-580/32013
DFSK Eagle pro 2022 Automtic / red interior,https://eg.hatla2ee.com/en/new-car/dfsk/Eagle-pro/31508
DFSK Eagle pro 2022 Automtic / Black interior,https://eg.hatla2ee.com/en/new-car/dfsk/Eagle-pro/33135
Audi A3 2022 A/T / Advanced,https://eg.hatla2ee.com/en/new-car/audi/a3/31584
Audi A3 2022 A/T / S-Line,https://eg.hatla2ee.com/en/new-car/audi/a3/31586
Audi A3 2022 A/T / Sport back,https://eg.hatla2ee.com/en/new-car/audi/a3/36897
Audi A3 2020 A/T / Premium,https://eg.hatla2ee.com/en/new-car/audi/a3/22147
Audi A3 2020 A/T / Prestige,https://eg.hatla2ee.com/en/new-car/audi/a3/22149
Audi Q2 2022 A/T / Basis,https://eg.hatla2ee.com/en/new-car/audi/Q2/31458
Audi Q2 2022 A/T / S Line,https://eg.hatla2ee.com/en/new-car/audi/Q2/31460
Audi A3 2022 A/T / Advanced,https://eg.hatla2ee.com/en/new-car/audi/a3/31584
Audi A3 2022 A/T / S-Line,https://eg.hatla2ee.com/en/new-car/audi/a3/31586
Audi A3 2022 A/T / Sport back,https://eg.hatla2ee.com/en/new-car/audi/a3/36897
Audi A3 2020 A/T / Premium,https://eg.hatla2ee.com/en/new-car/audi/a3/22147
Audi A3 2020 A/T / Prestige,https://eg.hatla2ee.com/en/new-car/audi/a3/22149
Audi Q3 2022 A/T / Advanced,https://eg.hatla2ee.com/en/new-car/audi/q3/31469
Audi Q3 2022 A/T / S-Line,https://eg.hatla2ee.com/en/new-car/audi/q3/31470
Audi Q3 2022 A/T / SB W New-Rim,https://eg.hatla2ee.com/en/new-car/audi/q3/31473
Audi Q3 2022 A/T / Sport back,https://eg.hatla2ee.com/en/new-car/audi/q3/31476
Audi A4 2022 A/T / Smart,https://eg.hatla2ee.com/en/new-car/audi/a4/31452
Audi A4 2022 A/T / S Line Plus,https://eg.hatla2ee.com/en/new-car/audi/a4/31454
Audi A5 2022 A/T / S-Line,https://eg.hatla2ee.com/en/new-car/audi/a5/31455
Audi Q7 2022 A/T / Premium,https://eg.hatla2ee.com/en/new-car/audi/q7/31461
Audi Q7 2022 A/T / S Line,https://eg.hatla2ee.com/en/new-car/audi/q7/38562
Audi Q7 2022 A/T / TFSI,https://eg.hatla2ee.com/en/new-car/audi/q7/35468
Audi A6 2022 A/T / S Line,https://eg.hatla2ee.com/en/new-car/audi/a6/31517
Audi Q8 2022 A/T / S Line,https://eg.hatla2ee.com/en/new-car/audi/q8/31464
Audi Q8 2022 A/T / S Line Plus,https://eg.hatla2ee.com/en/new-car/audi/q8/31466
Audi Q8 2022 A/T / Sport / RS,https://eg.hatla2ee.com/en/new-car/audi/q8/33272
Skoda Scala 2022 A/T / Ambition,https://eg.hatla2ee.com/en/new-car/skoda/Skoda-Scala/31533
Skoda Scala 2022 A/T / Style,https://eg.hatla2ee.com/en/new-car/skoda/Skoda-Scala/31535
Skoda Kamiq 2022 A/T / Ambition,https://eg.hatla2ee.com/en/new-car/skoda/Kamiq/31536
Skoda Kamiq 2022 A/T / Style,https://eg.hatla2ee.com/en/new-car/skoda/Kamiq/31538
Skoda Octavia A8 2022 A/T / Ambition,https://eg.hatla2ee.com/en/new-car/skoda/Octavia-A8/31541
Skoda Octavia A8 2022 A/T / Style,https://eg.hatla2ee.com/en/new-car/skoda/Octavia-A8/31544
Skoda Octavia A8 2022 A/T / Style Plus,https://eg.hatla2ee.com/en/new-car/skoda/Octavia-A8/31548
Skoda Octavia A8 2022 Automtic / RS,https://eg.hatla2ee.com/en/new-car/skoda/Octavia-A8/31545
Skoda Superb 2022 A/T / Dynamic,https://eg.hatla2ee.com/en/new-car/skoda/superb/31560
Skoda Superb 2022 A/T / Ambition,https://eg.hatla2ee.com/en/new-car/skoda/superb/31557
Skoda Superb 2022 A/T / SPORT LINE,https://eg.hatla2ee.com/en/new-car/skoda/superb/31563
Skoda Kodiaq 2022 A/T / Dynamic,https://eg.hatla2ee.com/en/new-car/skoda/kodiaq/31572
Skoda Kodiaq 2022 A/T / Ambition,https://eg.hatla2ee.com/en/new-car/skoda/kodiaq/31574
Skoda Kodiaq 2022 A/T / Style,https://eg.hatla2ee.com/en/new-car/skoda/kodiaq/31575
Skoda Kodiaq 2022 A/T / SPORT LINE,https://eg.hatla2ee.com/en/new-car/skoda/kodiaq/31578
Skoda Kodiaq 2022 A/T / L&K,https://eg.hatla2ee.com/en/new-car/skoda/kodiaq/31580
Canghe M50 2021 M/T / TOPLINE,https://eg.hatla2ee.com/en/new-car/changhe/M50/24746
Canghe Q35 2022 A/T / High line,https://eg.hatla2ee.com/en/new-car/changhe/Q35/35144
Jaguar XE 2022 A/T / R Sport,https://eg.hatla2ee.com/en/new-car/jaguar/XE/36803
Jaguar F-Pace 2022 A/T / P250 R Dynamic,https://eg.hatla2ee.com/en/new-car/jaguar/f-pace/36801
Jaguar XE 2022 A/T / R Sport,https://eg.hatla2ee.com/en/new-car/jaguar/XE/36803
Jaguar F-Pace 2022 A/T / P250 R Dynamic,https://eg.hatla2ee.com/en/new-car/jaguar/f-pace/36801
Proton Saga 2022 A/T / Standard,https://eg.hatla2ee.com/en/new-car/proton/saga/36611
Proton Saga 2022 A/T / Premium,https://eg.hatla2ee.com/en/new-car/proton/saga/36612
Proton Saga 2021 A/T / Standard,https://eg.hatla2ee.com/en/new-car/proton/saga/26353
Proton Saga 2021 A/T / Premium,https://eg.hatla2ee.com/en/new-car/proton/saga/26356
Proton Saga 2022 A/T / Standard,https://eg.hatla2ee.com/en/new-car/proton/saga/36611
Proton Saga 2022 A/T / Premium,https://eg.hatla2ee.com/en/new-car/proton/saga/36612
Proton Saga 2021 A/T / Standard,https://eg.hatla2ee.com/en/new-car/proton/saga/26353
Proton Saga 2021 A/T / Premium,https://eg.hatla2ee.com/en/new-car/proton/saga/26356
Byd F3 2023 Manual,https://eg.hatla2ee.com/en/new-car/byd/f3/37377
Byd F3 2023 Automtic / Full Option,https://eg.hatla2ee.com/en/new-car/byd/f3/37379
Byd F3 2022 Manual,https://eg.hatla2ee.com/en/new-car/byd/f3/30312
Byd F3 2022 Automtic / Full Option,https://eg.hatla2ee.com/en/new-car/byd/f3/30725
Byd L3 2023 Automatic,https://eg.hatla2ee.com/en/new-car/byd/l3/37382
Byd L3 2022 A/T / GLX-i AT,https://eg.hatla2ee.com/en/new-car/byd/l3/31068
Byd L3 2022 A/T / GS-i AT,https://eg.hatla2ee.com/en/new-car/byd/l3/31070
Byd F3 2023 Manual,https://eg.hatla2ee.com/en/new-car/byd/f3/37377
Byd F3 2023 Automtic / Full Option,https://eg.hatla2ee.com/en/new-car/byd/f3/37379
Byd F3 2022 Manual,https://eg.hatla2ee.com/en/new-car/byd/f3/30312
Byd F3 2022 Automtic / Full Option,https://eg.hatla2ee.com/en/new-car/byd/f3/30725
Porsche Macan 2020 A/T,https://eg.hatla2ee.com/en/new-car/porsche/macan/19458
Porsche Macan 2020 A/T / S,https://eg.hatla2ee.com/en/new-car/porsche/macan/19461
Porsche Boxster 2020 M/T / 718,https://eg.hatla2ee.com/en/new-car/porsche/boxster/19545
Porsche Boxster S 2020 M/T / 718,https://eg.hatla2ee.com/en/new-car/porsche/boxster-s/19546
Porsche Cayenne 2020 Automatic,https://eg.hatla2ee.com/en/new-car/porsche/cayenne/19290
Porsche Cayenne 2020 A/T / Coupe,https://eg.hatla2ee.com/en/new-car/porsche/cayenne/19418
Porsche Cayenne 2020 A/T / S,https://eg.hatla2ee.com/en/new-car/porsche/cayenne/19293
Porsche Cayenne 2020 A/T / S Coupé,https://eg.hatla2ee.com/en/new-car/porsche/cayenne/25789
Porsche Cayenne 2020 A/T / GTS,https://eg.hatla2ee.com/en/new-car/porsche/cayenne/25792
Porsche Cayenne 2020 A/T / GTS Coupé,https://eg.hatla2ee.com/en/new-car/porsche/cayenne/25794
Porsche Cayenne 2020 A/T / E-Hybrid,https://eg.hatla2ee.com/en/new-car/porsche/cayenne/19422
Porsche Cayenne 2020 Automatic / coupa / Turbo,https://eg.hatla2ee.com/en/new-car/porsche/cayenne/19420
Porsche Cayenne 2020 A/T / Turbo S E-Hybrid,https://eg.hatla2ee.com/en/new-car/porsche/cayenne/25801
Porsche Cayenne 2020 A/T / Turbo S E-Hybrid Coupé,https://eg.hatla2ee.com/en/new-car/porsche/cayenne/25804
Porsche Panamera 2020 A/T,https://eg.hatla2ee.com/en/new-car/porsche/panamera/19440
Porsche Panamera 2020 A/T / 4,https://eg.hatla2ee.com/en/new-car/porsche/panamera/19438
Porsche Panamera 2020 A/T / 4 Executive,https://eg.hatla2ee.com/en/new-car/porsche/panamera/19444
Porsche Panamera 2020 A/T / 4 E-Hybrid,https://eg.hatla2ee.com/en/new-car/porsche/panamera/19449
Porsche Panamera 2020 A/T / 4 E-Hybrid Executive,https://eg.hatla2ee.com/en/new-car/porsche/panamera/19450
Porsche Panamera 2020 A/T / 4S E-Hybrid,https://eg.hatla2ee.com/en/new-car/porsche/panamera/19452
Porsche Panamera 2020 A/T / GTS,https://eg.hatla2ee.com/en/new-car/porsche/panamera/19435
Porsche Panamera 2020 A/T / Turbo S,https://eg.hatla2ee.com/en/new-car/porsche/panamera/19443
Porsche Panamera 2020 A/T / Turbo S E-Hybrid,https://eg.hatla2ee.com/en/new-car/porsche/panamera/19446
Porsche 911 2021 A/T / Turbo S Cabriolet,https://eg.hatla2ee.com/en/new-car/porsche/911/25657
Porsche 911 2020 A/T / Carrera,https://eg.hatla2ee.com/en/new-car/porsche/911/25582
Porsche 911 2020 A/T / Carrera 4,https://eg.hatla2ee.com/en/new-car/porsche/911/25590
Porsche 911 2020 A/T / Carrera Cabriolet,https://eg.hatla2ee.com/en/new-car/porsche/911/25587
Porsche 911 2020 A/T / Carrera S,https://eg.hatla2ee.com/en/new-car/porsche/911/25599
Porsche 911 2020 A/T / Carrera 4 Cabriolet,https://eg.hatla2ee.com/en/new-car/porsche/911/25596
Porsche 911 2020 A/T / Targa 4,https://eg.hatla2ee.com/en/new-car/porsche/911/25611
Porsche 911 2020 Automatic / Carrera 4S,https://eg.hatla2ee.com/en/new-car/porsche/911/19464
Porsche 911 2020 Automatic / Carrera S Cabriolet,https://eg.hatla2ee.com/en/new-car/porsche/911/19467
Porsche 911 2020 A/T / Carrera 4S Cabriolet,https://eg.hatla2ee.com/en/new-car/porsche/911/25609
Porsche 911 2020 A/T / Targa 4S,https://eg.hatla2ee.com/en/new-car/porsche/911/25615
Porsche 911 2020 A/T / Turbo,https://eg.hatla2ee.com/en/new-car/porsche/911/25648
Porsche 911 2020 A/T / Targa 4S Heritage Design Edition,https://eg.hatla2ee.com/en/new-car/porsche/911/25618
Porsche 911 2020 A/T / Turbo Cabriolet,https://eg.hatla2ee.com/en/new-car/porsche/911/25654
Porsche 911 2020 A/T / Turbo S,https://eg.hatla2ee.com/en/new-car/porsche/911/25656
Jeep Renegade 2022 A/T / Longitude,https://eg.hatla2ee.com/en/new-car/jeep/Renegade/35747
Jeep Renegade 2022 A/T / Limited,https://eg.hatla2ee.com/en/new-car/jeep/Renegade/35748
Jeep Renegade 2022 A/T / Limited Panorama,https://eg.hatla2ee.com/en/new-car/jeep/Renegade/35750
Jeep Renegade 2022 A/T / Limited 4WD,https://eg.hatla2ee.com/en/new-car/jeep/Renegade/35751
Jeep Renegade 2021 A/T / Longitude,https://eg.hatla2ee.com/en/new-car/jeep/Renegade/27205
Jeep Renegade 2021 A/T / Limited,https://eg.hatla2ee.com/en/new-car/jeep/Renegade/27213
Jeep Renegade 2021 A/T / Limited Panorama,https://eg.hatla2ee.com/en/new-car/jeep/Renegade/27214
Jeep Renegade 2021 A/T / Limited 4WD,https://eg.hatla2ee.com/en/new-car/jeep/Renegade/27217
Ford Focus 2022 A/T / Trend 4d,https://eg.hatla2ee.com/en/new-car/ford/focus/33137
Ford Focus 2022 A/T / Connected 5d,https://eg.hatla2ee.com/en/new-car/ford/focus/33147
Ford Focus 2022 A/T / Connected 4d,https://eg.hatla2ee.com/en/new-car/ford/focus/33138
Ford Focus 2022 A/T / Titanium 4d,https://eg.hatla2ee.com/en/new-car/ford/focus/33141
Ford Fusion 2021 A/T / Trend,https://eg.hatla2ee.com/en/new-car/ford/fusion/29653
Ford Fusion 2021 A/T / Sport,https://eg.hatla2ee.com/en/new-car/ford/fusion/29659
Ford Fusion 2021 A/T / Titanium,https://eg.hatla2ee.com/en/new-car/ford/fusion/29662
Changan Alsvin 2022 A/T / L1,https://eg.hatla2ee.com/en/new-car/changan/Alsvin/30605
Changan Alsvin 2022 A/T / L2,https://eg.hatla2ee.com/en/new-car/changan/Alsvin/30606
Changan Alsvin 2021 A/T / L1,https://eg.hatla2ee.com/en/new-car/changan/Alsvin/30211
Changan Alsvin 2021 A/T / L2,https://eg.hatla2ee.com/en/new-car/changan/Alsvin/30214
Changan Alsvin 2022 A/T / L1,https://eg.hatla2ee.com/en/new-car/changan/Alsvin/30605
Changan Alsvin 2022 A/T / L2,https://eg.hatla2ee.com/en/new-car/changan/Alsvin/30606
Changan Alsvin 2021 A/T / L1,https://eg.hatla2ee.com/en/new-car/changan/Alsvin/30211
Changan Alsvin 2021 A/T / L2,https://eg.hatla2ee.com/en/new-car/changan/Alsvin/30214
Changan Eado 2022 A/T / L1,https://eg.hatla2ee.com/en/new-car/changan/eado/30585
Changan Eado 2022 A/T / L2,https://eg.hatla2ee.com/en/new-car/changan/eado/30588
Changan Eado 2021 A/T / L1,https://eg.hatla2ee.com/en/new-car/changan/eado/30193
Changan Eado 2021 A/T / L2,https://eg.hatla2ee.com/en/new-car/changan/eado/30195
Changan CS 15 2022 A/T / L1,https://eg.hatla2ee.com/en/new-car/changan/CS-15/30599
Changan CS 15 2022 A/T / L2,https://eg.hatla2ee.com/en/new-car/changan/CS-15/30600
Changan CS 15 2021 A/T / L1,https://eg.hatla2ee.com/en/new-car/changan/CS-15/30198
Changan CS 15 2021 A/T / L2,https://eg.hatla2ee.com/en/new-car/changan/CS-15/30201
Changan Eado 2022 A/T / L1,https://eg.hatla2ee.com/en/new-car/changan/eado/30585
Changan Eado 2022 A/T / L2,https://eg.hatla2ee.com/en/new-car/changan/eado/30588
Changan Eado 2021 A/T / L1,https://eg.hatla2ee.com/en/new-car/changan/eado/30193
Changan Eado 2021 A/T / L2,https://eg.hatla2ee.com/en/new-car/changan/eado/30195
Changan CS 55 2022 A/T / L1,https://eg.hatla2ee.com/en/new-car/changan/CS-55/30509
Changan CS 55 2022 A/T / L2,https://eg.hatla2ee.com/en/new-car/changan/CS-55/30510
Changan CS 55 2022 A/T / L3,https://eg.hatla2ee.com/en/new-car/changan/CS-55/30512
Changan CS 55 2021 A/T / L1,https://eg.hatla2ee.com/en/new-car/changan/CS-55/30202
Changan CS 55 2021 A/T / L2,https://eg.hatla2ee.com/en/new-car/changan/CS-55/30204
Changan CS 55 2021 A/T / L3,https://eg.hatla2ee.com/en/new-car/changan/CS-55/30205
Changan CS 15 2022 A/T / L1,https://eg.hatla2ee.com/en/new-car/changan/CS-15/30599
Changan CS 15 2022 A/T / L2,https://eg.hatla2ee.com/en/new-car/changan/CS-15/30600
Changan CS 15 2021 A/T / L1,https://eg.hatla2ee.com/en/new-car/changan/CS-15/30198
Changan CS 15 2021 A/T / L2,https://eg.hatla2ee.com/en/new-car/changan/CS-15/30201
Changan CS 55 2022 A/T / L1,https://eg.hatla2ee.com/en/new-car/changan/CS-55/30509
Changan CS 55 2022 A/T / L2,https://eg.hatla2ee.com/en/new-car/changan/CS-55/30510
Changan CS 55 2022 A/T / L3,https://eg.hatla2ee.com/en/new-car/changan/CS-55/30512
Changan CS 55 2021 A/T / L1,https://eg.hatla2ee.com/en/new-car/changan/CS-55/30202
Changan CS 55 2021 A/T / L2,https://eg.hatla2ee.com/en/new-car/changan/CS-55/30204
Changan CS 55 2021 A/T / L3,https://eg.hatla2ee.com/en/new-car/changan/CS-55/30205
Changan CS 35 Plus 2022 A/T / ELITE,https://eg.hatla2ee.com/en/new-car/changan/CS-35-Plus/37113
Changan CS 35 Plus 2022 A/T / PREMIUM,https://eg.hatla2ee.com/en/new-car/changan/CS-35-Plus/37115
Changan CS 35 Plus 2022 A/T / FLAGSHIP,https://eg.hatla2ee.com/en/new-car/changan/CS-35-Plus/37118
Changan CS55 Plus 2022 A/T / Elite,https://eg.hatla2ee.com/en/new-car/changan/CS55-Plus/38085
Changan CS55 Plus 2022 A/T / Premium,https://eg.hatla2ee.com/en/new-car/changan/CS55-Plus/38087
Changan CS55 Plus 2022 A/T / Flagship,https://eg.hatla2ee.com/en/new-car/changan/CS55-Plus/38090
Ds DS3 2021 A/T / PERFORMANCE LINE,https://eg.hatla2ee.com/en/new-car/ds/ds3/27700
Ds DS3 2021 A/T / OPERA,https://eg.hatla2ee.com/en/new-car/ds/ds3/27705
Ds DS7 2022 A/T / Performance line,https://eg.hatla2ee.com/en/new-car/ds/DS7/31712
Ds DS7 2022 A/T / Performance plus,https://eg.hatla2ee.com/en/new-car/ds/DS7/31713
Ds DS7 2022 A/T / RIVOLI,https://eg.hatla2ee.com/en/new-car/ds/DS7/31716
Ds DS7 2022 A/T / Opera,https://eg.hatla2ee.com/en/new-car/ds/DS7/31719
Ds DS7 2022 A/T / H/L Opera,https://eg.hatla2ee.com/en/new-car/ds/DS7/31721
Seat Ibiza 2022 A/T / Reference,https://eg.hatla2ee.com/en/new-car/seat/ibiza/33339
Seat Ibiza 2022 A/T / FR,https://eg.hatla2ee.com/en/new-car/seat/ibiza/33344
Seat Arona 2022 Automatic / Style,https://eg.hatla2ee.com/en/new-car/seat/arona/35294
Seat Arona 2022 Automatic / Experience,https://eg.hatla2ee.com/en/new-car/seat/arona/35295
Seat Ateca 2022 A/T / Style,https://eg.hatla2ee.com/en/new-car/seat/Ateca/31262
Seat Ateca 2022 A/T / Style Plus,https://eg.hatla2ee.com/en/new-car/seat/Ateca/31265
Seat Ateca 2022 A/T / Experience,https://eg.hatla2ee.com/en/new-car/seat/Ateca/31268
Seat Ateca 2022 A/T / FR,https://eg.hatla2ee.com/en/new-car/seat/Ateca/31271
Seat Leon 2022 A/T / ADVANCED,https://eg.hatla2ee.com/en/new-car/seat/leon/31253
Seat Leon 2022 A/T / FR,https://eg.hatla2ee.com/en/new-car/seat/leon/31245
Seat Tarraco 2022 A/T / FR,https://eg.hatla2ee.com/en/new-car/seat/Tarraco/31280
Seat Tarraco 2022 A/T / XCELLENCE,https://eg.hatla2ee.com/en/new-car/seat/Tarraco/31277
Citroën C Elysee 2023 A/T / Comfort,https://eg.hatla2ee.com/en/new-car/citroen/c-elysee/38474
Citroën C Elysee 2023 A/T / Luxury,https://eg.hatla2ee.com/en/new-car/citroen/c-elysee/38477
Citroën C Elysee 2022 A/T / Comfort,https://eg.hatla2ee.com/en/new-car/citroen/c-elysee/31832
Citroën C Elysee 2022 A/T / Luxury,https://eg.hatla2ee.com/en/new-car/citroen/c-elysee/31833
Citroën C3 Aircross 2022 A/T / Live,https://eg.hatla2ee.com/en/new-car/citroen/C3-Aircross/31641
Citroën C3 Aircross 2022 A/T / Feel,https://eg.hatla2ee.com/en/new-car/citroen/C3-Aircross/31643
Citroën C3 Aircross 2022 A/T / Shine,https://eg.hatla2ee.com/en/new-car/citroen/C3-Aircross/31644
Citroën C3 2022 A/T / Feel,https://eg.hatla2ee.com/en/new-car/citroen/c3/31874
Citroën C3 2022 A/T / Shine,https://eg.hatla2ee.com/en/new-car/citroen/c3/31877
Citroën C Elysee 2023 A/T / Comfort,https://eg.hatla2ee.com/en/new-car/citroen/c-elysee/38474
Citroën C Elysee 2023 A/T / Luxury,https://eg.hatla2ee.com/en/new-car/citroen/c-elysee/38477
Citroën C Elysee 2022 A/T / Comfort,https://eg.hatla2ee.com/en/new-car/citroen/c-elysee/31832
Citroën C Elysee 2022 A/T / Luxury,https://eg.hatla2ee.com/en/new-car/citroen/c-elysee/31833
Citroën C4 2023 A/T / Feel,https://eg.hatla2ee.com/en/new-car/citroen/c4/38723
Citroën C4 2023 A/T / feel Bule interior,https://eg.hatla2ee.com/en/new-car/citroen/c4/38726
Citroën C4 2023 A/T / Shine,https://eg.hatla2ee.com/en/new-car/citroen/c4/38729
Citroën C4 2023 A/T / Shine Red interior,https://eg.hatla2ee.com/en/new-car/citroen/c4/38732
Citroën C4 2022 A/T / Fell,https://eg.hatla2ee.com/en/new-car/citroen/c4/31964
Citroën C4 2022 A/T / Blue interior,https://eg.hatla2ee.com/en/new-car/citroen/c4/32007
Citroën C4 2022 A/T / Shine,https://eg.hatla2ee.com/en/new-car/citroen/c4/31967
Citroën C4 2022 A/T / Red interior,https://eg.hatla2ee.com/en/new-car/citroen/c4/32009
Citroën C3 Aircross 2022 A/T / Feel,https://eg.hatla2ee.com/en/new-car/citroen/C3-Aircross-shape-facelift/32501
Citroën C3 Aircross 2022 A/T / Shine,https://eg.hatla2ee.com/en/new-car/citroen/C3-Aircross-shape-facelift/32504
Citroën C4 2023 A/T / Feel,https://eg.hatla2ee.com/en/new-car/citroen/c4/38723
Citroën C4 2023 A/T / feel Bule interior,https://eg.hatla2ee.com/en/new-car/citroen/c4/38726
Citroën C4 2023 A/T / Shine,https://eg.hatla2ee.com/en/new-car/citroen/c4/38729
Citroën C4 2023 A/T / Shine Red interior,https://eg.hatla2ee.com/en/new-car/citroen/c4/38732
Citroën C4 2022 A/T / Fell,https://eg.hatla2ee.com/en/new-car/citroen/c4/31964
Citroën C4 2022 A/T / Blue interior,https://eg.hatla2ee.com/en/new-car/citroen/c4/32007
Citroën C4 2022 A/T / Shine,https://eg.hatla2ee.com/en/new-car/citroen/c4/31967
Citroën C4 2022 A/T / Red interior,https://eg.hatla2ee.com/en/new-car/citroen/c4/32009
Citroën C5 Aircross 2022 A/T / Live,https://eg.hatla2ee.com/en/new-car/citroen/C5-Aircross/30797
Citroën C5 Aircross 2022 A/T / FEEL,https://eg.hatla2ee.com/en/new-car/citroen/C5-Aircross/30800
Citroën C5 Aircross 2022 A/T / SHINE,https://eg.hatla2ee.com/en/new-car/citroen/C5-Aircross/30803
Citroën C4 2023 A/T / Feel,https://eg.hatla2ee.com/en/new-car/citroen/c4/38723
Citroën C4 2023 A/T / feel Bule interior,https://eg.hatla2ee.com/en/new-car/citroen/c4/38726
Citroën C4 2023 A/T / Shine,https://eg.hatla2ee.com/en/new-car/citroen/c4/38729
Citroën C4 2023 A/T / Shine Red interior,https://eg.hatla2ee.com/en/new-car/citroen/c4/38732
Citroën C4 2022 A/T / Fell,https://eg.hatla2ee.com/en/new-car/citroen/c4/31964
Citroën C4 2022 A/T / Blue interior,https://eg.hatla2ee.com/en/new-car/citroen/c4/32007
Citroën C4 2022 A/T / Shine,https://eg.hatla2ee.com/en/new-car/citroen/c4/31967
Citroën C4 2022 A/T / Red interior,https://eg.hatla2ee.com/en/new-car/citroen/c4/32009
Citroën C5 Aircross 2023 A/T / Live,https://eg.hatla2ee.com/en/new-car/citroen/C5-Aircross-shape-facelift/38738
Citroën C5 Aircross 2023 A/T / FEEL / with out sunroof,https://eg.hatla2ee.com/en/new-car/citroen/C5-Aircross-shape-facelift/38741
Citroën C5 Aircross 2023 A/T / SHINE,https://eg.hatla2ee.com/en/new-car/citroen/C5-Aircross-shape-facelift/38744
Zotye Z100 2020 Manual / Elegent,https://eg.hatla2ee.com/en/new-car/zotye/z100/18273
Zotye Z300 2020 Manual / Luxury ,https://eg.hatla2ee.com/en/new-car/zotye/z300/18288
Zotye Z560 2020 Automatic / Comfort,https://eg.hatla2ee.com/en/new-car/zotye/Z560/18271
Zotye T600 2020 Automatic / Royal,https://eg.hatla2ee.com/en/new-car/zotye/T600/18262
Zotye T500 2020 Automatic / Royal,https://eg.hatla2ee.com/en/new-car/zotye/T500/18546
Zotye T500 2020 Automatic / Flagship,https://eg.hatla2ee.com/en/new-car/zotye/T500/18547
Jetour X70 2022 A/T / Comfort,https://eg.hatla2ee.com/en/new-car/jetour/X70/30677
Jetour X70 2022 A/T / Luxury,https://eg.hatla2ee.com/en/new-car/jetour/X70/30678
Jetour X95 2022 A/T / Full option,https://eg.hatla2ee.com/en/new-car/jetour/X95/30608
Jetour X95 2022 A/T / Highline,https://eg.hatla2ee.com/en/new-car/jetour/X95/30609
Suzuki S Presso 2022 M/T / F/O,https://eg.hatla2ee.com/en/new-car/suzuki/S-Presso/31509
Suzuki S Presso 2021 M/T / F/O,https://eg.hatla2ee.com/en/new-car/suzuki/S-Presso/24506
Suzuki Swift Dzire 2022 A/T / Highline,https://eg.hatla2ee.com/en/new-car/suzuki/swift-dzire/31391
Suzuki Swift Dzire 2022 A/T / Top Line,https://eg.hatla2ee.com/en/new-car/suzuki/swift-dzire/31394
Suzuki Swift Dzire 2021 A/T / Highline,https://eg.hatla2ee.com/en/new-car/suzuki/swift-dzire/25420
Suzuki Swift Dzire 2021 A/T / Top Line,https://eg.hatla2ee.com/en/new-car/suzuki/swift-dzire/29131
Suzuki S Presso 2022 M/T / F/O,https://eg.hatla2ee.com/en/new-car/suzuki/S-Presso/31509
Suzuki S Presso 2021 M/T / F/O,https://eg.hatla2ee.com/en/new-car/suzuki/S-Presso/24506
Suzuki Celerio 2022 Automtic / GL,https://eg.hatla2ee.com/en/new-car/suzuki/celerio/37086
Suzuki Baleno 2022 Automtic,https://eg.hatla2ee.com/en/new-car/suzuki/baleno/30755
Suzuki Baleno 2021 Automtic,https://eg.hatla2ee.com/en/new-car/suzuki/baleno/29572
Suzuki Ciaz 2022 A/T / GL,https://eg.hatla2ee.com/en/new-car/suzuki/ciaz/37339
Suzuki Ciaz 2022 A/T / GLX,https://eg.hatla2ee.com/en/new-car/suzuki/ciaz/30539
Suzuki Ciaz 2021 A/T / GLX,https://eg.hatla2ee.com/en/new-car/suzuki/ciaz/29203
Suzuki Ertiga 2022 A/T / GLX,https://eg.hatla2ee.com/en/new-car/suzuki/ertiga/32001
Suzuki Ertiga 2021 A/T / Comfort,https://eg.hatla2ee.com/en/new-car/suzuki/ertiga/30321
Suzuki Ertiga 2021 A/T / GLX,https://eg.hatla2ee.com/en/new-car/suzuki/ertiga/24277
Suzuki Swift Dzire 2022 A/T / Highline,https://eg.hatla2ee.com/en/new-car/suzuki/swift-dzire/31391
Suzuki Swift Dzire 2022 A/T / Top Line,https://eg.hatla2ee.com/en/new-car/suzuki/swift-dzire/31394
Suzuki Swift Dzire 2021 A/T / Highline,https://eg.hatla2ee.com/en/new-car/suzuki/swift-dzire/25420
Suzuki Swift Dzire 2021 A/T / Top Line,https://eg.hatla2ee.com/en/new-car/suzuki/swift-dzire/29131
Suzuki Baleno 2022 Automtic,https://eg.hatla2ee.com/en/new-car/suzuki/baleno/30755
Suzuki Baleno 2021 Automtic,https://eg.hatla2ee.com/en/new-car/suzuki/baleno/29572
Suzuki Swift 2022 Automatic /without screen,https://eg.hatla2ee.com/en/new-car/suzuki/swift/31737
Suzuki Swift 2022 Automatic / screen,https://eg.hatla2ee.com/en/new-car/suzuki/swift/31740
Suzuki Vitara 2022 A/T / One tone,https://eg.hatla2ee.com/en/new-car/suzuki/vitara/31397
Suzuki Vitara 2022 A/T / Two tone,https://eg.hatla2ee.com/en/new-car/suzuki/vitara/31400
Suzuki Vitara 2021 A/T / One tone,https://eg.hatla2ee.com/en/new-car/suzuki/vitara/30016
Suzuki Vitara 2021 A/T / Two tone,https://eg.hatla2ee.com/en/new-car/suzuki/vitara/30019
Suzuki Swift 2022 A/T / without screen (2ton),https://eg.hatla2ee.com/en/new-car/suzuki/swift-shape-facelift/32003
Suzuki Swift 2022 A/T / screen (2ton),https://eg.hatla2ee.com/en/new-car/suzuki/swift-shape-facelift/32006
Suzuki Ciaz 2022 A/T / GL,https://eg.hatla2ee.com/en/new-car/suzuki/ciaz/37339
Suzuki Ciaz 2022 A/T / GLX,https://eg.hatla2ee.com/en/new-car/suzuki/ciaz/30539
Suzuki Ciaz 2021 A/T / GLX,https://eg.hatla2ee.com/en/new-car/suzuki/ciaz/29203
Suzuki Ertiga 2022 A/T / GLX,https://eg.hatla2ee.com/en/new-car/suzuki/ertiga/32001
Suzuki Ertiga 2021 A/T / Comfort,https://eg.hatla2ee.com/en/new-car/suzuki/ertiga/30321
Suzuki Ertiga 2021 A/T / GLX,https://eg.hatla2ee.com/en/new-car/suzuki/ertiga/24277
Suzuki Vitara 2022 A/T / One tone,https://eg.hatla2ee.com/en/new-car/suzuki/vitara/31397
Suzuki Vitara 2022 A/T / Two tone,https://eg.hatla2ee.com/en/new-car/suzuki/vitara/31400
Suzuki Vitara 2021 A/T / One tone,https://eg.hatla2ee.com/en/new-car/suzuki/vitara/30016
Suzuki Vitara 2021 A/T / Two tone,https://eg.hatla2ee.com/en/new-car/suzuki/vitara/30019
Alfa Romeo Giulietta 2022 A/T / Base,https://eg.hatla2ee.com/en/new-car/alpha-romeo/giulietta/36915
Alfa Romeo Giulietta 2022 A/T / Super,https://eg.hatla2ee.com/en/new-car/alpha-romeo/giulietta/36917
Alfa Romeo Giulietta 2022 A/T / Veloce,https://eg.hatla2ee.com/en/new-car/alpha-romeo/giulietta/36918
Alfa Romeo Giulietta 2021 A/T / Base,https://eg.hatla2ee.com/en/new-car/alpha-romeo/giulietta/29670
Alfa Romeo Giulietta 2021 A/T / Super,https://eg.hatla2ee.com/en/new-car/alpha-romeo/giulietta/30299
Alfa Romeo Giulietta 2021 A/T / Veloce,https://eg.hatla2ee.com/en/new-car/alpha-romeo/giulietta/24015
Alfa Romeo Giulietta 2020 A/T / Full option,https://eg.hatla2ee.com/en/new-car/alpha-romeo/giulietta/23196
Alfa Romeo Giulietta 2020 A/T / Highline,https://eg.hatla2ee.com/en/new-car/alpha-romeo/giulietta/23198
Alfa Romeo Giulietta 2022 A/T / Base,https://eg.hatla2ee.com/en/new-car/alpha-romeo/giulietta/36915
Alfa Romeo Giulietta 2022 A/T / Super,https://eg.hatla2ee.com/en/new-car/alpha-romeo/giulietta/36917
Alfa Romeo Giulietta 2022 A/T / Veloce,https://eg.hatla2ee.com/en/new-car/alpha-romeo/giulietta/36918
Alfa Romeo Giulietta 2021 A/T / Base,https://eg.hatla2ee.com/en/new-car/alpha-romeo/giulietta/29670
Alfa Romeo Giulietta 2021 A/T / Super,https://eg.hatla2ee.com/en/new-car/alpha-romeo/giulietta/30299
Alfa Romeo Giulietta 2021 A/T / Veloce,https://eg.hatla2ee.com/en/new-car/alpha-romeo/giulietta/24015
Alfa Romeo Giulietta 2020 A/T / Full option,https://eg.hatla2ee.com/en/new-car/alpha-romeo/giulietta/23196
Alfa Romeo Giulietta 2020 A/T / Highline,https://eg.hatla2ee.com/en/new-car/alpha-romeo/giulietta/23198
Alfa Romeo Giulia 2022 A/T / Veloce,https://eg.hatla2ee.com/en/new-car/alpha-romeo/Giulia/36924
Alfa Romeo Giulia 2021 A/T / Base,https://eg.hatla2ee.com/en/new-car/alpha-romeo/Giulia/26343
Alfa Romeo Giulia 2021 A/T / Super,https://eg.hatla2ee.com/en/new-car/alpha-romeo/Giulia/26338
Alfa Romeo Giulia 2021 A/T / Veloce,https://eg.hatla2ee.com/en/new-car/alpha-romeo/Giulia/26341
Alfa Romeo Giulia 2020 A/T / Base,https://eg.hatla2ee.com/en/new-car/alpha-romeo/Giulia/21993
Alfa Romeo Giulia 2020 A/T / Super,https://eg.hatla2ee.com/en/new-car/alpha-romeo/Giulia/22002
Alfa Romeo Giulia 2020 A/T / Super Plus,https://eg.hatla2ee.com/en/new-car/alpha-romeo/Giulia/21015
Alfa Romeo Giulia 2020 A/T / Veloce,https://eg.hatla2ee.com/en/new-car/alpha-romeo/Giulia/22732
Alfa Romeo Giulia 2020 A/T / quadrifoglio,https://eg.hatla2ee.com/en/new-car/alpha-romeo/Giulia/22735
Alfa Romeo Stelvio 2022 A/T / Super,https://eg.hatla2ee.com/en/new-car/alpha-romeo/Stelvio/36927
Alfa Romeo Stelvio 2022 A/T / Super+,https://eg.hatla2ee.com/en/new-car/alpha-romeo/Stelvio/36929
Alfa Romeo Stelvio 2021 A/T / Super,https://eg.hatla2ee.com/en/new-car/alpha-romeo/Stelvio/30302
Alfa Romeo Stelvio 2021 A/T / Super+,https://eg.hatla2ee.com/en/new-car/alpha-romeo/Stelvio/26347
Alfa Romeo Stelvio 2020 A/T / High Line,https://eg.hatla2ee.com/en/new-car/alpha-romeo/Stelvio/21663
Alfa Romeo Stelvio 2020 A/T / Super,https://eg.hatla2ee.com/en/new-car/alpha-romeo/Stelvio/21759
Alfa Romeo Stelvio 2020 A/T / Super Plus,https://eg.hatla2ee.com/en/new-car/alpha-romeo/Stelvio/21765
Alfa Romeo Stelvio 2020 Automtic / quadrifoglio,https://eg.hatla2ee.com/en/new-car/alpha-romeo/Stelvio/22731
Alfa Romeo Giulia 2022 A/T / Veloce,https://eg.hatla2ee.com/en/new-car/alpha-romeo/Giulia/36924
Alfa Romeo Giulia 2021 A/T / Base,https://eg.hatla2ee.com/en/new-car/alpha-romeo/Giulia/26343
Alfa Romeo Giulia 2021 A/T / Super,https://eg.hatla2ee.com/en/new-car/alpha-romeo/Giulia/26338
Alfa Romeo Giulia 2021 A/T / Veloce,https://eg.hatla2ee.com/en/new-car/alpha-romeo/Giulia/26341
Alfa Romeo Giulia 2020 A/T / Base,https://eg.hatla2ee.com/en/new-car/alpha-romeo/Giulia/21993
Alfa Romeo Giulia 2020 A/T / Super,https://eg.hatla2ee.com/en/new-car/alpha-romeo/Giulia/22002
Alfa Romeo Giulia 2020 A/T / Super Plus,https://eg.hatla2ee.com/en/new-car/alpha-romeo/Giulia/21015
Alfa Romeo Giulia 2020 A/T / Veloce,https://eg.hatla2ee.com/en/new-car/alpha-romeo/Giulia/22732
Alfa Romeo Giulia 2020 A/T / quadrifoglio,https://eg.hatla2ee.com/en/new-car/alpha-romeo/Giulia/22735
Alfa Romeo Stelvio 2022 A/T / Super,https://eg.hatla2ee.com/en/new-car/alpha-romeo/Stelvio/36927
Alfa Romeo Stelvio 2022 A/T / Super+,https://eg.hatla2ee.com/en/new-car/alpha-romeo/Stelvio/36929
Alfa Romeo Stelvio 2021 A/T / Super,https://eg.hatla2ee.com/en/new-car/alpha-romeo/Stelvio/30302
Alfa Romeo Stelvio 2021 A/T / Super+,https://eg.hatla2ee.com/en/new-car/alpha-romeo/Stelvio/26347
Alfa Romeo Stelvio 2020 A/T / High Line,https://eg.hatla2ee.com/en/new-car/alpha-romeo/Stelvio/21663
Alfa Romeo Stelvio 2020 A/T / Super,https://eg.hatla2ee.com/en/new-car/alpha-romeo/Stelvio/21759
Alfa Romeo Stelvio 2020 A/T / Super Plus,https://eg.hatla2ee.com/en/new-car/alpha-romeo/Stelvio/21765
Alfa Romeo Stelvio 2020 Automtic / quadrifoglio,https://eg.hatla2ee.com/en/new-car/alpha-romeo/Stelvio/22731
Peugeot 301 2022 A/T / Active,https://eg.hatla2ee.com/en/new-car/peugeot/301/31799
Peugeot 301 2022 A/T / Allure,https://eg.hatla2ee.com/en/new-car/peugeot/301/31800
Peugeot 2008 2022 A/T / ACTIVE,https://eg.hatla2ee.com/en/new-car/peugeot/2008/31104
Peugeot 2008 2022 A/T / ALLURE,https://eg.hatla2ee.com/en/new-car/peugeot/2008/31106
Peugeot 2008 2022 A/T / GT LINE,https://eg.hatla2ee.com/en/new-car/peugeot/2008/31109
Peugeot 2008 2021 A/T / ACTIVE,https://eg.hatla2ee.com/en/new-car/peugeot/2008/26104
Peugeot 2008 2021 A/T / ALLURE,https://eg.hatla2ee.com/en/new-car/peugeot/2008/26107
Peugeot 2008 2021 A/T / GT LINE,https://eg.hatla2ee.com/en/new-car/peugeot/2008/26109
Peugeot 508 2022 A/T / Active Pack,https://eg.hatla2ee.com/en/new-car/peugeot/508/32577
Peugeot 508 2022 A/T / Allure Pack,https://eg.hatla2ee.com/en/new-car/peugeot/508/32579
Peugeot 508 2022 A/T / GT Line,https://eg.hatla2ee.com/en/new-car/peugeot/508/31089
Peugeot 508 2022 A/T / GT Line Red Interior,https://eg.hatla2ee.com/en/new-car/peugeot/508/31092
Peugeot 508 2022 A/T / GT MAX,https://eg.hatla2ee.com/en/new-car/peugeot/508/31487
Peugeot 508 2022 A/T / GT MAX Red Interior,https://eg.hatla2ee.com/en/new-car/peugeot/508/31490
"Peugeot 3008 2022 A/T / Active Pack with 10"" touch screen",https://eg.hatla2ee.com/en/new-car/peugeot/3008/32381
"Peugeot 3008 2022 A/T / Allure Pack with 10"" touch screen",https://eg.hatla2ee.com/en/new-car/peugeot/3008/32384
"Peugeot 3008 2022 A/T / GT with 10"" touch screen",https://eg.hatla2ee.com/en/new-car/peugeot/3008/32385
"Peugeot 3008 2022 A/T / GT Red interior with 10"" touch screen",https://eg.hatla2ee.com/en/new-car/peugeot/3008/32465
"Peugeot 5008 2022 A/T / Active Pack with 10"" touch screen",https://eg.hatla2ee.com/en/new-car/peugeot/5008/32396
"Peugeot 5008 2022 A/T / Allure Pack with 10"" touch screen",https://eg.hatla2ee.com/en/new-car/peugeot/5008/32402
"Peugeot 5008 2022 A/T / GT black pack with 10"" touch screen",https://eg.hatla2ee.com/en/new-car/peugeot/5008/32408
"Peugeot 5008 2022 A/T / GT Red interior with 10"" touch screen",https://eg.hatla2ee.com/en/new-car/peugeot/5008/32457
Bestune T33 2023 A/T / Luxury,https://eg.hatla2ee.com/en/new-car/bestune/T33/32019
Bestune T33 2023 A/T / Premium,https://eg.hatla2ee.com/en/new-car/bestune/T33/32022
Bestune B70 2023 A/T / Standard,https://eg.hatla2ee.com/en/new-car/bestune/B70/32031
Bestune B70 2023 A/T / Comfort,https://eg.hatla2ee.com/en/new-car/bestune/B70/32034
Bestune B70 2023 A/T / Deluxe,https://eg.hatla2ee.com/en/new-car/bestune/B70/32039
Bestune T55 2023 A/T / DELUXE,https://eg.hatla2ee.com/en/new-car/bestune/T55/32025
Bestune T55 2023 A/T / PREMIUM,https://eg.hatla2ee.com/en/new-car/bestune/T55/32027
Bestune T55 2023 A/T / PREMIUM PLUS,https://eg.hatla2ee.com/en/new-car/bestune/T55/32028
Bestune T77 Pro 2023 A/T / Comfort,https://eg.hatla2ee.com/en/new-car/bestune/T77-Pro/32042
Bestune T77 Pro 2023 A/T / Deluxe,https://eg.hatla2ee.com/en/new-car/bestune/T77-Pro/32045
Bestune T77 Pro 2023 A/T / Premium,https://eg.hatla2ee.com/en/new-car/bestune/T77-Pro/32048
Volvo V60 2022 A/T / R-Design,https://eg.hatla2ee.com/en/new-car/volvo/v60/37823
Volvo XC 40 2022 A/T / Momentum,https://eg.hatla2ee.com/en/new-car/volvo/XC-40/32666
Volvo XC 40 2022 A/T / R-Design,https://eg.hatla2ee.com/en/new-car/volvo/XC-40/32667
Volvo XC 40 2022 A/T / Inscription,https://eg.hatla2ee.com/en/new-car/volvo/XC-40/32670
Volvo XC60 2022 A/T / Momentum,https://eg.hatla2ee.com/en/new-car/volvo/xc60/32676
Volvo XC60 2022 A/T / R-Design,https://eg.hatla2ee.com/en/new-car/volvo/xc60/32679
Volvo XC60 2022 A/T / Inscription,https://eg.hatla2ee.com/en/new-car/volvo/xc60/38919
Volvo XC60 2021 A/T / Momentum 2WD,https://eg.hatla2ee.com/en/new-car/volvo/xc60/26242
Volvo XC60 2021 A/T / Momentum,https://eg.hatla2ee.com/en/new-car/volvo/xc60/24407
Volvo XC60 2021 A/T / R-Design,https://eg.hatla2ee.com/en/new-car/volvo/xc60/25223
Volvo XC60 2021 A/T / Inscription,https://eg.hatla2ee.com/en/new-car/volvo/xc60/24412
Volvo XC90 2022 A/T / Momentum,https://eg.hatla2ee.com/en/new-car/volvo/xc90/32703
Volvo XC90 2022 A/T / Inscription,https://eg.hatla2ee.com/en/new-car/volvo/xc90/32706
Volvo XC90 2021 A/T / Momentum,https://eg.hatla2ee.com/en/new-car/volvo/xc90/24488
Volvo XC90 2021 A/T / Inscription,https://eg.hatla2ee.com/en/new-car/volvo/xc90/24485
Volvo XC90 2021 A/T / Inscription 7,https://eg.hatla2ee.com/en/new-car/volvo/xc90/24487
Volvo XC60 2022 A/T / Momentum,https://eg.hatla2ee.com/en/new-car/volvo/xc60/32676
Volvo XC60 2022 A/T / R-Design,https://eg.hatla2ee.com/en/new-car/volvo/xc60/32679
Volvo XC60 2022 A/T / Inscription,https://eg.hatla2ee.com/en/new-car/volvo/xc60/38919
Volvo XC60 2021 A/T / Momentum 2WD,https://eg.hatla2ee.com/en/new-car/volvo/xc60/26242
Volvo XC60 2021 A/T / Momentum,https://eg.hatla2ee.com/en/new-car/volvo/xc60/24407
Volvo XC60 2021 A/T / R-Design,https://eg.hatla2ee.com/en/new-car/volvo/xc60/25223
Volvo XC60 2021 A/T / Inscription,https://eg.hatla2ee.com/en/new-car/volvo/xc60/24412
Volvo XC90 2022 A/T / Momentum,https://eg.hatla2ee.com/en/new-car/volvo/xc90/32703
Volvo XC90 2022 A/T / Inscription,https://eg.hatla2ee.com/en/new-car/volvo/xc90/32706
Volvo XC90 2021 A/T / Momentum,https://eg.hatla2ee.com/en/new-car/volvo/xc90/24488
Volvo XC90 2021 A/T / Inscription,https://eg.hatla2ee.com/en/new-car/volvo/xc90/24485
Volvo XC90 2021 A/T / Inscription 7,https://eg.hatla2ee.com/en/new-car/volvo/xc90/24487
Ssang Yong Tivoli 2022 A/T / Comfort,https://eg.hatla2ee.com/en/new-car/ssang-yong/Tivoli/36542
Ssang Yong Tivoli 2022 A/T / Style,https://eg.hatla2ee.com/en/new-car/ssang-yong/Tivoli/36545
Ssang Yong Tivoli XLV 2022 A/T / Comfort,https://eg.hatla2ee.com/en/new-car/ssang-yong/Tivoli-XLV/36489
Ssang Yong Tivoli XLV 2022 A/T / Style,https://eg.hatla2ee.com/en/new-car/ssang-yong/Tivoli-XLV/36492
Kaiyi X3 2023 A/T / FlagShip,https://eg.hatla2ee.com/en/new-car/Kaiyi/kAIYI-X3/37269
Kaiyi X3 2022 A/T / Prestige,https://eg.hatla2ee.com/en/new-car/Kaiyi/kAIYI-X3/36986
Kaiyi X3 2022 A/T / FlagShip,https://eg.hatla2ee.com/en/new-car/Kaiyi/kAIYI-X3/36989
Kaiyi X3 Pro 2023 A/T / Luxury,https://eg.hatla2ee.com/en/new-car/Kaiyi/KAIYI-X3-PRO/38355
Kaiyi X3 Pro 2023 A/T / FLAGSHIP,https://eg.hatla2ee.com/en/new-car/Kaiyi/KAIYI-X3-PRO/37274
Kaiyi X3 Pro 2022 A/T / Luxury,https://eg.hatla2ee.com/en/new-car/Kaiyi/KAIYI-X3-PRO/36998
Kaiyi X3 Pro 2022 A/T / FLAGSHIP,https://eg.hatla2ee.com/en/new-car/Kaiyi/KAIYI-X3-PRO/37001
Kaiyi X3 2023 A/T / FlagShip,https://eg.hatla2ee.com/en/new-car/Kaiyi/kAIYI-X3/37269
Kaiyi X3 2022 A/T / Prestige,https://eg.hatla2ee.com/en/new-car/Kaiyi/kAIYI-X3/36986
Kaiyi X3 2022 A/T / FlagShip,https://eg.hatla2ee.com/en/new-car/Kaiyi/kAIYI-X3/36989
Kaiyi X3 Pro 2023 A/T / Luxury,https://eg.hatla2ee.com/en/new-car/Kaiyi/KAIYI-X3-PRO/38355
Kaiyi X3 Pro 2023 A/T / FLAGSHIP,https://eg.hatla2ee.com/en/new-car/Kaiyi/KAIYI-X3-PRO/37274
Kaiyi X3 Pro 2022 A/T / Luxury,https://eg.hatla2ee.com/en/new-car/Kaiyi/KAIYI-X3-PRO/36998
Kaiyi X3 Pro 2022 A/T / FLAGSHIP,https://eg.hatla2ee.com/en/new-car/Kaiyi/KAIYI-X3-PRO/37001
Lexus ES 350 2020 Automtic,https://eg.hatla2ee.com/en/new-car/lexus/ES-350/23728
Lexus ES 350 2020 Automtic,https://eg.hatla2ee.com/en/new-car/lexus/ES-350/21361
Lexus LS 500 2020 Automtic,https://eg.hatla2ee.com/en/new-car/lexus/LS-500/21336
Lexus LS 500 2020 Automtic,https://eg.hatla2ee.com/en/new-car/lexus/LS-500/23730
Lexus LS 500 2020 Automtic,https://eg.hatla2ee.com/en/new-car/lexus/LS-500/23731
Lexus LX 570 2020 Automtic,https://eg.hatla2ee.com/en/new-car/lexus/LX-570/20898
Lexus LX 570 2020 Automtic,https://eg.hatla2ee.com/en/new-car/lexus/LX-570/23727
Baic X3 2023 A/T / Comfort,https://eg.hatla2ee.com/en/new-car/baic/Baic-X3/38466
Baic X3 2023 A/T / Luxury,https://eg.hatla2ee.com/en/new-car/baic/Baic-X3/38468
Baic X3 2022 A/T / Comfort,https://eg.hatla2ee.com/en/new-car/baic/Baic-X3/31803
Baic X3 2022 A/T / Luxury,https://eg.hatla2ee.com/en/new-car/baic/Baic-X3/31806
Baic X5 2022 Automtic,https://eg.hatla2ee.com/en/new-car/baic/Baic-X5/31809
Baic X7 2023 A/T / Premium,https://eg.hatla2ee.com/en/new-car/baic/BEIJING-X7/38703
Baic X7 2022 A/T / Premium,https://eg.hatla2ee.com/en/new-car/baic/BEIJING-X7/31827
Baic X7 2022 A/T / Elite,https://eg.hatla2ee.com/en/new-car/baic/BEIJING-X7/31824
Haval Jolion 2022 A/T / Standard,https://eg.hatla2ee.com/en/new-car/haval/Jolion/30449
Haval Jolion 2022 A/T / Deluxe,https://eg.hatla2ee.com/en/new-car/haval/Jolion/30452
Haval Jolion 2022 A/T / Deluxe SR,https://eg.hatla2ee.com/en/new-car/haval/Jolion/30453
Haval Jolion 2022 A/T / High Deluxe,https://eg.hatla2ee.com/en/new-car/haval/Jolion/30456
Haval H6 2022 A/T / Standard,https://eg.hatla2ee.com/en/new-car/haval/haval-h6/30458
Haval H6 2022 A/T / Deluxe,https://eg.hatla2ee.com/en/new-car/haval/haval-h6/30441
Haval H6 2022 A/T / Deluxe SR,https://eg.hatla2ee.com/en/new-car/haval/haval-h6/30443
Haval H6 2022 A/T / High Deluxe,https://eg.hatla2ee.com/en/new-car/haval/haval-h6/30446
Soueast DX3 2022 A/T / Highline,https://eg.hatla2ee.com/en/new-car/soueast/DX3/33293
Soueast DX3 2022 A/T / Highline / Two Tone,https://eg.hatla2ee.com/en/new-car/soueast/DX3/33702
Soueast DX5 2022 A/T / Top Line,https://eg.hatla2ee.com/en/new-car/soueast/DX5/36834
Soueast DX7 2022 A/T / Top Line,https://eg.hatla2ee.com/en/new-car/soueast/DX7/30099
Soueast Dx7 prime 2023 A/T / Flagship,https://eg.hatla2ee.com/en/new-car/soueast/Dx7-prime/37338
Soueast DX7 NOVA 2022 Automtic,https://eg.hatla2ee.com/en/new-car/soueast/DX7-NOVA/38442
Maserati Ghibli 2021 A/T / Standard,https://eg.hatla2ee.com/en/new-car/maserati/ghibli/30130
