Car Model,link
Hyundai Accent RB 2022,https://eg.hatla2ee.com/en/new-car/hyundai/Accent-RB
Hyundai Accent RB 2023,https://eg.hatla2ee.com/en/new-car/hyundai/Accent-RB
Hyundai Accent HCI 2022 New Generation,https://eg.hatla2ee.com/en/new-car/hyundai/Accent-HCI-shape-new-generation
Hyundai I10 2022,https://eg.hatla2ee.com/en/new-car/hyundai/i10
Hyundai Elantra HD 2022,https://eg.hatla2ee.com/en/new-car/hyundai/Elantra-HD
Hyundai Elantra HD 2023,https://eg.hatla2ee.com/en/new-car/hyundai/Elantra-HD
Hyundai Elantra CN7 2022,https://eg.hatla2ee.com/en/new-car/hyundai/Elantra-CN7
Hyundai I20 2022,https://eg.hatla2ee.com/en/new-car/hyundai/i20
Hyundai Bayon 2022,https://eg.hatla2ee.com/en/new-car/hyundai/Bayon
Hyundai Creta SU2 2022,https://eg.hatla2ee.com/en/new-car/hyundai/creta-su2
Hyundai Ioniq 2019,https://eg.hatla2ee.com/en/new-car/hyundai/Ioniq
Hyundai Tucson 2022 New Generation,https://eg.hatla2ee.com/en/new-car/hyundai/tucson-shape-new-generation
Chery Arrizo 5 2022,https://eg.hatla2ee.com/en/new-car/chery/Arrizo-5
Chery Arrizo 5 2023,https://eg.hatla2ee.com/en/new-car/chery/Arrizo-5
Chery Tiggo 3 2022,https://eg.hatla2ee.com/en/new-car/chery/Tiggo3
Chery Tiggo 3 2023,https://eg.hatla2ee.com/en/new-car/chery/Tiggo3
Chery Tiggo 7 2022,https://eg.hatla2ee.com/en/new-car/chery/Tiggo-7
Chery Tiggo 7 2023,https://eg.hatla2ee.com/en/new-car/chery/Tiggo-7
Chery Tiggo 7 pro 2022,https://eg.hatla2ee.com/en/new-car/chery/Tiggo-7-pro
Chery Tiggo 8 2022,https://eg.hatla2ee.com/en/new-car/chery/Tiggo-8
Chery Tiggo 8 Pro 2022,https://eg.hatla2ee.com/en/new-car/chery/Tiggo-8-Pro
Chery Tiggo 8 Pro 2023,https://eg.hatla2ee.com/en/new-car/chery/Tiggo-8-Pro
Kia Grand Cerato 2022,https://eg.hatla2ee.com/en/new-car/kia/Grand-Cerato
Kia Sorento 2021,https://eg.hatla2ee.com/en/new-car/kia/sorento
Kia Sportage 2022,https://eg.hatla2ee.com/en/new-car/kia/sportage
Kia Xceed 2022,https://eg.hatla2ee.com/en/new-car/kia/Xceed
Kia Sportage 2022 New Generation,https://eg.hatla2ee.com/en/new-car/kia/sportage-shape-new-generation
Kia Sorento 2022,https://eg.hatla2ee.com/en/new-car/kia/sorento
Chevrolet Optra 2022,https://eg.hatla2ee.com/en/new-car/chevrolet/optra
Chevrolet Optra 2023,https://eg.hatla2ee.com/en/new-car/chevrolet/optra
 Chevrolet Malibu 2022,https://eg.hatla2ee.com/en/new-car/chevrolet/malibu
Chevrolet Captiva 2022,https://eg.hatla2ee.com/en/new-car/chevrolet/captiva
Fiat Doblo 2022,https://eg.hatla2ee.com/en/new-car/fiat/doblo
Fiat Fiorino 2022,https://eg.hatla2ee.com/en/new-car/fiat/fiorino
Fiat 500 2021,https://eg.hatla2ee.com/en/new-car/fiat/500
Fiat 500C 2021,https://eg.hatla2ee.com/en/new-car/fiat/500C
Fiat 500 X 2021,https://eg.hatla2ee.com/en/new-car/fiat/500X
Fiat Ducato 2022,https://eg.hatla2ee.com/en/new-car/fiat/ducato
Fiat 500 2022,https://eg.hatla2ee.com/en/new-car/fiat/500
Fiat Tipo 2022,https://eg.hatla2ee.com/en/new-car/fiat/tipo
Fiat 500 X 2022,https://eg.hatla2ee.com/en/new-car/fiat/500X
Nissan Sunny 2022,https://eg.hatla2ee.com/en/new-car/nissan/sunny
Nissan Sunny 2023,https://eg.hatla2ee.com/en/new-car/nissan/sunny
Nissan Sentra 2022,https://eg.hatla2ee.com/en/new-car/nissan/sentra
Nissan Sentra 2022 Facelift,https://eg.hatla2ee.com/en/new-car/nissan/sentra-shape-facelift
Nissan Sentra 2023,https://eg.hatla2ee.com/en/new-car/nissan/sentra
Nissan Juke 2022,https://eg.hatla2ee.com/en/new-car/nissan/juke
Nissan Sentra 2023 Facelift,https://eg.hatla2ee.com/en/new-car/nissan/sentra-shape-facelift
Nissan Qashqai 2022,https://eg.hatla2ee.com/en/new-car/nissan/qashqai
Nissan Patrol 2022,https://eg.hatla2ee.com/en/new-car/nissan/patrol
Renault Logan 2022,https://eg.hatla2ee.com/en/new-car/renault/logan
Renault Sandero 2022,https://eg.hatla2ee.com/en/new-car/renault/sandero
Renault Sandero Step Way 2022,https://eg.hatla2ee.com/en/new-car/renault/sandero-step-way
Renault Duster 2022,https://eg.hatla2ee.com/en/new-car/renault/duster
Renault Megane 2022,https://eg.hatla2ee.com/en/new-car/renault/megane
Renault Kadjar 2022,https://eg.hatla2ee.com/en/new-car/renault/Kadjar
Volkswagen Passat 2021,https://eg.hatla2ee.com/en/new-car/volks-wagen/passat
Volkswagen T-Roc 2023,https://eg.hatla2ee.com/en/new-car/volks-wagen/T-Roc
Volkswagen Passat 2022,https://eg.hatla2ee.com/en/new-car/volks-wagen/passat
Volkswagen Golf 2022,https://eg.hatla2ee.com/en/new-car/volks-wagen/golf
Volkswagen Tiguan 2022,https://eg.hatla2ee.com/en/new-car/volks-wagen/tiguan
Volkswagen Touareg 2022,https://eg.hatla2ee.com/en/new-car/volks-wagen/touareg
Mercedes A 180 2021,https://eg.hatla2ee.com/en/new-car/mercedes/a-180
Mercedes B 180 2021,https://eg.hatla2ee.com/en/new-car/mercedes/b-180
Mercedes C 180 2021,https://eg.hatla2ee.com/en/new-car/mercedes/c-180
Mercedes CLA 180 2021,https://eg.hatla2ee.com/en/new-car/mercedes/cla-180
Mercedes GLA 2021,https://eg.hatla2ee.com/en/new-car/mercedes/gla
Mercedes CLA 200 2021,https://eg.hatla2ee.com/en/new-car/mercedes/cla-200
Mercedes A 200 2022,https://eg.hatla2ee.com/en/new-car/mercedes/a-200
Mercedes B 200 2022,https://eg.hatla2ee.com/en/new-car/mercedes/b-200
Mercedes C 200 2021,https://eg.hatla2ee.com/en/new-car/mercedes/c-200
Mercedes C 180 2022,https://eg.hatla2ee.com/en/new-car/mercedes/c-180
Mercedes CLA 200 2022,https://eg.hatla2ee.com/en/new-car/mercedes/cla-200
Mercedes GLA 2022,https://eg.hatla2ee.com/en/new-car/mercedes/gla
Mercedes C 300 2021,https://eg.hatla2ee.com/en/new-car/mercedes/C+300
Mercedes A Class 2021,https://eg.hatla2ee.com/en/new-car/mercedes/a-class
Mercedes C 300 2020,https://eg.hatla2ee.com/en/new-car/mercedes/C+300
Mercedes C 200 2022,https://eg.hatla2ee.com/en/new-car/mercedes/c-200
Mercedes GLC 200 2021,https://eg.hatla2ee.com/en/new-car/mercedes/GLC-200
Mercedes E 200 2021,https://eg.hatla2ee.com/en/new-car/mercedes/e-200
Mercedes A Class 2022,https://eg.hatla2ee.com/en/new-car/mercedes/a-class
Mercedes GLC 200 2022,https://eg.hatla2ee.com/en/new-car/mercedes/GLC-200
Mercedes GLC 300 2021,https://eg.hatla2ee.com/en/new-car/mercedes/glc-300
Mercedes E 200 2022,https://eg.hatla2ee.com/en/new-car/mercedes/e-200
Mercedes E 300 2021,https://eg.hatla2ee.com/en/new-car/mercedes/e-300
Mercedes GLC 300 2022,https://eg.hatla2ee.com/en/new-car/mercedes/glc-300
Mercedes CLS Class 2021,https://eg.hatla2ee.com/en/new-car/mercedes/cls-class
Mercedes E 300 2022,https://eg.hatla2ee.com/en/new-car/mercedes/e-300
Mercedes CLS Class 2022,https://eg.hatla2ee.com/en/new-car/mercedes/cls-class
Mercedes GLE 2022,https://eg.hatla2ee.com/en/new-car/mercedes/gle
Mercedes E 53 AMG 2021,https://eg.hatla2ee.com/en/new-car/mercedes/E-53-AMG+
Mercedes AMG GT 2021,https://eg.hatla2ee.com/en/new-car/mercedes/AMG-GT
Mercedes E 53 AMG 2022,https://eg.hatla2ee.com/en/new-car/mercedes/E-53-AMG+
Mercedes GLS 2022,https://eg.hatla2ee.com/en/new-car/mercedes/GLS
Mercedes AMG GT 2022,https://eg.hatla2ee.com/en/new-car/mercedes/AMG-GT
Mercedes G Class 2021,https://eg.hatla2ee.com/en/new-car/mercedes/g-class
Mercedes S 450 2022,https://eg.hatla2ee.com/en/new-car/mercedes/S-450
Mercedes S 500 2021,https://eg.hatla2ee.com/en/new-car/mercedes/s-500
Mercedes G Class 2022,https://eg.hatla2ee.com/en/new-car/mercedes/g-class
Mercedes Maybach 2022,https://eg.hatla2ee.com/en/new-car/mercedes/Maybach
MG 5 2022,https://eg.hatla2ee.com/en/new-car/moris-garage/mg-5
MG ZS 2022,https://eg.hatla2ee.com/en/new-car/moris-garage/zs
MG 6 2022,https://eg.hatla2ee.com/en/new-car/moris-garage/mg-6
MG Rx5 2022,https://eg.hatla2ee.com/en/new-car/moris-garage/Rx5
MG HS 2022,https://eg.hatla2ee.com/en/new-car/moris-garage/MG-HS
BMW 118 2021,https://eg.hatla2ee.com/en/new-car/bmw/118
BMW X1 2021,https://eg.hatla2ee.com/en/new-car/bmw/x1
BMW 418 2020,https://eg.hatla2ee.com/en/new-car/bmw/418
BMW 218 i 2021 New Generation,https://eg.hatla2ee.com/en/new-car/bmw/218-i-shape-new-generation
BMW 118 2022,https://eg.hatla2ee.com/en/new-car/bmw/118
BMW 320 2021,https://eg.hatla2ee.com/en/new-car/bmw/320
BMW X1 2022,https://eg.hatla2ee.com/en/new-car/bmw/x1
BMW 218 i 2022,https://eg.hatla2ee.com/en/new-car/bmw/218-i
BMW 320 2022,https://eg.hatla2ee.com/en/new-car/bmw/320
BMW Z4 2020,https://eg.hatla2ee.com/en/new-car/bmw/z4
BMW 520 2021,https://eg.hatla2ee.com/en/new-car/bmw/520
BMW 520 2022,https://eg.hatla2ee.com/en/new-car/bmw/520
BMW X3 2021,https://eg.hatla2ee.com/en/new-car/bmw/x3
BMW X4 2021,https://eg.hatla2ee.com/en/new-car/bmw/x4
BMW X3 2022,https://eg.hatla2ee.com/en/new-car/bmw/x3
BMW X4 2022,https://eg.hatla2ee.com/en/new-car/bmw/x4
BMW X5 2021,https://eg.hatla2ee.com/en/new-car/bmw/x5
BMW 730 2021,https://eg.hatla2ee.com/en/new-car/bmw/730
BMW 730 2022,https://eg.hatla2ee.com/en/new-car/bmw/730
BMW X5 2022,https://eg.hatla2ee.com/en/new-car/bmw/x5
BMW X6 2021,https://eg.hatla2ee.com/en/new-car/bmw/x6
BMW 740 2020,https://eg.hatla2ee.com/en/new-car/bmw/740
BMW 850 2020,https://eg.hatla2ee.com/en/new-car/bmw/BMW-850
BMW I8 2020,https://eg.hatla2ee.com/en/new-car/bmw/i8
BMW X7 2021,https://eg.hatla2ee.com/en/new-car/bmw/BMW-X7
BMW M850 2021,https://eg.hatla2ee.com/en/new-car/bmw/M850
BMW X6 2022,https://eg.hatla2ee.com/en/new-car/bmw/x6
BMW X7 2022,https://eg.hatla2ee.com/en/new-car/bmw/BMW-X7
Mitsubishi Xpander 2021,https://eg.hatla2ee.com/en/new-car/mitsubishi/Xpander
Mitsubishi Attrage 2023,https://eg.hatla2ee.com/en/new-car/mitsubishi/attrage
Mitsubishi Mirage 2023,https://eg.hatla2ee.com/en/new-car/mitsubishi/mirage
Mitsubishi Eclipse Cross 2021,https://eg.hatla2ee.com/en/new-car/mitsubishi/Eclipse-Cross
Mitsubishi Xpander 2022,https://eg.hatla2ee.com/en/new-car/mitsubishi/Xpander
Mitsubishi Xpander 2023,https://eg.hatla2ee.com/en/new-car/mitsubishi/Xpander
Mitsubishi Eclipse Cross 2022 Facelift,https://eg.hatla2ee.com/en/new-car/mitsubishi/Eclipse-Cross-shape-facelift
Mitsubishi Eclipse Cross 2023,https://eg.hatla2ee.com/en/new-car/mitsubishi/Eclipse-Cross
Cupra Formentor 2022,https://eg.hatla2ee.com/en/new-car/cupra/Formentor
Toyota Belta 2022,https://eg.hatla2ee.com/en/new-car/toyota/Belta
Toyota Rumion 2022,https://eg.hatla2ee.com/en/new-car/toyota/Rumion
Toyota Corolla 2022,https://eg.hatla2ee.com/en/new-car/toyota/corolla
Toyota Rush 2022,https://eg.hatla2ee.com/en/new-car/toyota/Rush
Toyota Yaris 2022,https://eg.hatla2ee.com/en/new-car/toyota/yaris
Toyota C-HR 2022,https://eg.hatla2ee.com/en/new-car/toyota/C-HR
Toyota Fortuner 2022,https://eg.hatla2ee.com/en/new-car/toyota/fortuner
Toyota Fortuner 2023,https://eg.hatla2ee.com/en/new-car/toyota/fortuner
Toyota Rav 4 2021,https://eg.hatla2ee.com/en/new-car/toyota/rav4
Toyota Camry 2021,https://eg.hatla2ee.com/en/new-car/toyota/camry
Toyota Rav 4 2022,https://eg.hatla2ee.com/en/new-car/toyota/rav4
Toyota Prado 2021,https://eg.hatla2ee.com/en/new-car/toyota/prado
Toyota Camry 2022,https://eg.hatla2ee.com/en/new-car/toyota/camry
Toyota Prado 2022,https://eg.hatla2ee.com/en/new-car/toyota/prado
Toyota Land Cruiser 2022 ,https://eg.hatla2ee.com/en/new-car/toyota/land-cruiser
Land Rover Discovery sport 2021,https://eg.hatla2ee.com/en/new-car/land-rover/discovery-sport
Land Rover Range Rover Evoque 2021,https://eg.hatla2ee.com/en/new-car/land-rover/evoque
Land Rover Defender 2021,https://eg.hatla2ee.com/en/new-car/land-rover/defender
Land Rover Velar 2021,https://eg.hatla2ee.com/en/new-car/land-rover/Velar
Land Rover Discovery 2021,https://eg.hatla2ee.com/en/new-car/land-rover/discovery
Land Rover Range Rover Sport 2020,https://eg.hatla2ee.com/en/new-car/land-rover/sport
Land Rover Range Rover 2021,https://eg.hatla2ee.com/en/new-car/land-rover/range-rover
Land Rover Range Rover Vogue 2020,https://eg.hatla2ee.com/en/new-car/land-rover/vogue
Mazda Cx 3 2022,https://eg.hatla2ee.com/en/new-car/mazda/Cx-3
Mazda 3 2022,https://eg.hatla2ee.com/en/new-car/mazda/mazda-3
Subaru Impreza 2022,https://eg.hatla2ee.com/en/new-car/subaru/impreza
Subaru XV 2022,https://eg.hatla2ee.com/en/new-car/subaru/xv
Forthing T5 evo 2022,https://eg.hatla2ee.com/en/new-car/forthing/T5+evo
Lada Granta 2022,https://eg.hatla2ee.com/en/new-car/lada/granta
Lada Granta 2023,https://eg.hatla2ee.com/en/new-car/lada/granta
Geely Cool Ray 2022,https://eg.hatla2ee.com/en/new-car/geely/Coolray
Geely Okavango 2022,https://eg.hatla2ee.com/en/new-car/geely/Okavango
Jac JS3 2022,https://eg.hatla2ee.com/en/new-car/jac/JS3
Jac JS4 2022,https://eg.hatla2ee.com/en/new-car/jac/JS4
Jac J7 2022,https://eg.hatla2ee.com/en/new-car/jac/J7
Dongfeng Aeolus A30 2023,https://eg.hatla2ee.com/en/new-car/dfm/Aeolus-A30
Dongfeng Venucia Star 2022,https://eg.hatla2ee.com/en/new-car/dfm/Venucia-Star
Opel Astra 2021,https://eg.hatla2ee.com/en/new-car/opel/astra
Opel Corsa 2022,https://eg.hatla2ee.com/en/new-car/opel/corsa
Opel Crossland 2022,https://eg.hatla2ee.com/en/new-car/opel/Crossland
Opel Corsa 2023,https://eg.hatla2ee.com/en/new-car/opel/corsa
Opel Mokka 2022,https://eg.hatla2ee.com/en/new-car/opel/Mokka
Opel Crossland 2023,https://eg.hatla2ee.com/en/new-car/opel/Crossland
Opel Grandland 2022,https://eg.hatla2ee.com/en/new-car/opel/Grandland
Opel Mokka 2023,https://eg.hatla2ee.com/en/new-car/opel/Mokka
Honda City 2021,https://eg.hatla2ee.com/en/new-car/honda/city
Honda Civic 2021,https://eg.hatla2ee.com/en/new-car/honda/civic
Honda HRV 2020,https://eg.hatla2ee.com/en/new-car/honda/hrv
Honda City 2022,https://eg.hatla2ee.com/en/new-car/honda/city
Honda CRV 2021,https://eg.hatla2ee.com/en/new-car/honda/crv
Honda Accord 2021,https://eg.hatla2ee.com/en/new-car/honda/accord
Honda Accord 2022,https://eg.hatla2ee.com/en/new-car/honda/accord
Honda CRV 2022,https://eg.hatla2ee.com/en/new-car/honda/crv
Mini Cooper 2020,https://eg.hatla2ee.com/en/new-car/mini/cooper
Mini Cooper Hatch 2020,https://eg.hatla2ee.com/en/new-car/mini/cooper-hatch
Mini Country man 2020,https://eg.hatla2ee.com/en/new-car/mini/country-man
Mini Clubman 2020,https://eg.hatla2ee.com/en/new-car/mini/clubman
Mini Convertible 2020,https://eg.hatla2ee.com/en/new-car/mini/convertible
Mini Mini Cooper S 2020,https://eg.hatla2ee.com/en/new-car/mini/mini-cooper-s
Mini Countryman S 2020,https://eg.hatla2ee.com/en/new-car/mini/Countryman-S
DFSK 330S 2022,https://eg.hatla2ee.com/en/new-car/dfsk/330S
DFSK EAGLE 580 2022,https://eg.hatla2ee.com/en/new-car/dfsk/eagle-580
DFSK Eagle pro 2022,https://eg.hatla2ee.com/en/new-car/dfsk/Eagle-pro
Audi A3 2020,https://eg.hatla2ee.com/en/new-car/audi/a3
Audi Q2 2022,https://eg.hatla2ee.com/en/new-car/audi/Q2
Audi A3 2022,https://eg.hatla2ee.com/en/new-car/audi/a3
Audi Q3 2022,https://eg.hatla2ee.com/en/new-car/audi/q3
Audi A4 2022,https://eg.hatla2ee.com/en/new-car/audi/a4
Audi A5 2022,https://eg.hatla2ee.com/en/new-car/audi/a5
Audi Q7 2022,https://eg.hatla2ee.com/en/new-car/audi/q7
Audi A6 2022,https://eg.hatla2ee.com/en/new-car/audi/a6
Audi Q8 2022,https://eg.hatla2ee.com/en/new-car/audi/q8
Skoda Scala 2022,https://eg.hatla2ee.com/en/new-car/skoda/Skoda-Scala
Skoda Kamiq 2022,https://eg.hatla2ee.com/en/new-car/skoda/Kamiq
Skoda Karoq 2022,https://eg.hatla2ee.com/en/new-car/skoda/Karoq
Skoda Karoq 2022 Facelift,https://eg.hatla2ee.com/en/new-car/skoda/Karoq-shape-facelift
Skoda Octavia A8 2022,https://eg.hatla2ee.com/en/new-car/skoda/Octavia-A8
Skoda Superb 2022,https://eg.hatla2ee.com/en/new-car/skoda/superb
Skoda Kodiaq 2022,https://eg.hatla2ee.com/en/new-car/skoda/kodiaq
Brilliance V6 2021,https://eg.hatla2ee.com/en/new-car/brilliance/brilliance-V6
Canghe M50 2021,https://eg.hatla2ee.com/en/new-car/changhe/M50
Canghe Q35 2022,https://eg.hatla2ee.com/en/new-car/changhe/Q35
Jaguar XE 2021,https://eg.hatla2ee.com/en/new-car/jaguar/XE
Jaguar F-Pace 2021,https://eg.hatla2ee.com/en/new-car/jaguar/f-pace
Jaguar XF 2021,https://eg.hatla2ee.com/en/new-car/jaguar/xf
Jaguar XE 2022,https://eg.hatla2ee.com/en/new-car/jaguar/XE
Jaguar F-Pace 2022,https://eg.hatla2ee.com/en/new-car/jaguar/f-pace
Jaguar F-Type 2021,https://eg.hatla2ee.com/en/new-car/jaguar/f-type
Proton Saga 2021,https://eg.hatla2ee.com/en/new-car/proton/saga
Proton Exora 2021,https://eg.hatla2ee.com/en/new-car/proton/exora
Proton Saga 2022,https://eg.hatla2ee.com/en/new-car/proton/saga
Byd F3 2022,https://eg.hatla2ee.com/en/new-car/byd/f3
Byd L3 2022,https://eg.hatla2ee.com/en/new-car/byd/l3
Byd L3 2023,https://eg.hatla2ee.com/en/new-car/byd/l3
Byd F3 2023,https://eg.hatla2ee.com/en/new-car/byd/f3
Porsche Macan 2020,https://eg.hatla2ee.com/en/new-car/porsche/macan
Porsche Cayman 2020,https://eg.hatla2ee.com/en/new-car/porsche/cayman
Porsche Boxster 2020,https://eg.hatla2ee.com/en/new-car/porsche/boxster
Porsche Cayman S 2020,https://eg.hatla2ee.com/en/new-car/porsche/cayman-s
Porsche Boxster S 2020,https://eg.hatla2ee.com/en/new-car/porsche/boxster-s
Porsche Cayenne 2020,https://eg.hatla2ee.com/en/new-car/porsche/cayenne
Porsche Panamera 2020,https://eg.hatla2ee.com/en/new-car/porsche/panamera
Porsche 911 2020,https://eg.hatla2ee.com/en/new-car/porsche/911
Porsche 911 2021,https://eg.hatla2ee.com/en/new-car/porsche/911
Jeep Renegade 2021,https://eg.hatla2ee.com/en/new-car/jeep/Renegade
Jeep Renegade 2022,https://eg.hatla2ee.com/en/new-car/jeep/Renegade
Jeep Wrangler 2022,https://eg.hatla2ee.com/en/new-car/jeep/wrangler
Jeep Grand Cherokee 2022,https://eg.hatla2ee.com/en/new-car/jeep/grand-Cherokee
Ford EcoSport 2022,https://eg.hatla2ee.com/en/new-car/ford/ecosport
Ford Focus 2022,https://eg.hatla2ee.com/en/new-car/ford/focus
Ford Fusion 2021,https://eg.hatla2ee.com/en/new-car/ford/fusion
Changan Alsvin 2021,https://eg.hatla2ee.com/en/new-car/changan/Alsvin
Changan CS 35 2021,https://eg.hatla2ee.com/en/new-car/changan/cs-35
Changan Alsvin 2022,https://eg.hatla2ee.com/en/new-car/changan/Alsvin
Changan Eado 2021,https://eg.hatla2ee.com/en/new-car/changan/eado
Changan CS 15 2021,https://eg.hatla2ee.com/en/new-car/changan/CS-15
Changan Eado 2022,https://eg.hatla2ee.com/en/new-car/changan/eado
Changan CS 55 2021,https://eg.hatla2ee.com/en/new-car/changan/CS-55
Changan CS 15 2022,https://eg.hatla2ee.com/en/new-car/changan/CS-15
Changan CS 55 2022,https://eg.hatla2ee.com/en/new-car/changan/CS-55
Changan CS 35 Plus 2022,https://eg.hatla2ee.com/en/new-car/changan/CS-35-Plus
Changan CS55 Plus 2022,https://eg.hatla2ee.com/en/new-car/changan/CS55-Plus
Ds DS3 2021,https://eg.hatla2ee.com/en/new-car/ds/ds3
Ds DS7 2022,https://eg.hatla2ee.com/en/new-car/ds/DS7
Seat Ibiza 2022,https://eg.hatla2ee.com/en/new-car/seat/ibiza
Seat Arona 2022,https://eg.hatla2ee.com/en/new-car/seat/arona
Seat Ateca 2022,https://eg.hatla2ee.com/en/new-car/seat/Ateca
Seat Leon 2022,https://eg.hatla2ee.com/en/new-car/seat/leon
Seat Tarraco 2022,https://eg.hatla2ee.com/en/new-car/seat/Tarraco
Citroën C Elysee 2022,https://eg.hatla2ee.com/en/new-car/citroen/c-elysee
Citroën C3 Aircross 2022,https://eg.hatla2ee.com/en/new-car/citroen/C3-Aircross
Citroën C3 2022,https://eg.hatla2ee.com/en/new-car/citroen/c3
Citroën C Elysee 2023,https://eg.hatla2ee.com/en/new-car/citroen/c-elysee
Citroën Grand C4 Spacetourer 2020,https://eg.hatla2ee.com/en/new-car/citroen/Grand-C4-Spacetourer
Citroën C3 Aircross 2022 Facelift,https://eg.hatla2ee.com/en/new-car/citroen/C3-Aircross-shape-facelift
Citroën C4 2022,https://eg.hatla2ee.com/en/new-car/citroen/c4
Citroën C5 Aircross 2022,https://eg.hatla2ee.com/en/new-car/citroen/C5-Aircross
Citroën C4 2023,https://eg.hatla2ee.com/en/new-car/citroen/c4
Citroën C5 Aircross 2023 Facelift,https://eg.hatla2ee.com/en/new-car/citroen/C5-Aircross-shape-facelift
Zotye Z100 2020,https://eg.hatla2ee.com/en/new-car/zotye/z100
Zotye Z300 2020,https://eg.hatla2ee.com/en/new-car/zotye/z300
Zotye SR7 2020,https://eg.hatla2ee.com/en/new-car/zotye/SR7
Zotye Z560 2020,https://eg.hatla2ee.com/en/new-car/zotye/Z560
Zotye T600 2020,https://eg.hatla2ee.com/en/new-car/zotye/T600
Zotye T500 2020,https://eg.hatla2ee.com/en/new-car/zotye/T500
Jetour X70 2022,https://eg.hatla2ee.com/en/new-car/jetour/X70
Jetour X95 2022,https://eg.hatla2ee.com/en/new-car/jetour/X95
Suzuki Alto 2021,https://eg.hatla2ee.com/en/new-car/suzuki/alto
Suzuki S Presso 2021,https://eg.hatla2ee.com/en/new-car/suzuki/S-Presso
Suzuki Swift Dzire 2021,https://eg.hatla2ee.com/en/new-car/suzuki/swift-dzire
Suzuki Alto 2022,https://eg.hatla2ee.com/en/new-car/suzuki/alto
Suzuki S Presso 2022,https://eg.hatla2ee.com/en/new-car/suzuki/S-Presso
Suzuki Celerio 2022,https://eg.hatla2ee.com/en/new-car/suzuki/celerio
Suzuki Baleno 2021,https://eg.hatla2ee.com/en/new-car/suzuki/baleno
Suzuki Ciaz 2021,https://eg.hatla2ee.com/en/new-car/suzuki/ciaz
Suzuki Ertiga 2021,https://eg.hatla2ee.com/en/new-car/suzuki/ertiga
Suzuki Swift Dzire 2022,https://eg.hatla2ee.com/en/new-car/suzuki/swift-dzire
Suzuki Baleno 2022,https://eg.hatla2ee.com/en/new-car/suzuki/baleno
Suzuki Swift 2022,https://eg.hatla2ee.com/en/new-car/suzuki/swift
Suzuki Vitara 2021,https://eg.hatla2ee.com/en/new-car/suzuki/vitara
Suzuki Swift 2022 Facelift,https://eg.hatla2ee.com/en/new-car/suzuki/swift-shape-facelift
Suzuki Ciaz 2022,https://eg.hatla2ee.com/en/new-car/suzuki/ciaz
Suzuki Ertiga 2022,https://eg.hatla2ee.com/en/new-car/suzuki/ertiga
Suzuki Jimny 2022,https://eg.hatla2ee.com/en/new-car/suzuki/Jimny
Suzuki Vitara 2022,https://eg.hatla2ee.com/en/new-car/suzuki/vitara
Alfa Romeo Giulietta 2020,https://eg.hatla2ee.com/en/new-car/alpha-romeo/giulietta
Alfa Romeo Giulietta 2021,https://eg.hatla2ee.com/en/new-car/alpha-romeo/giulietta
Alfa Romeo Giulietta 2022,https://eg.hatla2ee.com/en/new-car/alpha-romeo/giulietta
Alfa Romeo Giulia 2020,https://eg.hatla2ee.com/en/new-car/alpha-romeo/Giulia
Alfa Romeo Giulia 2021,https://eg.hatla2ee.com/en/new-car/alpha-romeo/Giulia
Alfa Romeo Stelvio 2020,https://eg.hatla2ee.com/en/new-car/alpha-romeo/Stelvio
Alfa Romeo Stelvio 2021,https://eg.hatla2ee.com/en/new-car/alpha-romeo/Stelvio
Alfa Romeo Giulia 2022,https://eg.hatla2ee.com/en/new-car/alpha-romeo/Giulia
Alfa Romeo Stelvio 2022,https://eg.hatla2ee.com/en/new-car/alpha-romeo/Stelvio
Peugeot 301 2022,https://eg.hatla2ee.com/en/new-car/peugeot/301
Peugeot 2008 2021,https://eg.hatla2ee.com/en/new-car/peugeot/2008
Peugeot 2008 2022,https://eg.hatla2ee.com/en/new-car/peugeot/2008
Peugeot 508 2022,https://eg.hatla2ee.com/en/new-car/peugeot/508
Peugeot 3008 2022,https://eg.hatla2ee.com/en/new-car/peugeot/3008
Peugeot 5008 2022,https://eg.hatla2ee.com/en/new-car/peugeot/5008
Bestune T33 2023,https://eg.hatla2ee.com/en/new-car/bestune/T33
Bestune B70 2023,https://eg.hatla2ee.com/en/new-car/bestune/B70
Bestune T55 2023,https://eg.hatla2ee.com/en/new-car/bestune/T55
Bestune T77 Pro 2023,https://eg.hatla2ee.com/en/new-car/bestune/T77-Pro
Volvo V60 2021,https://eg.hatla2ee.com/en/new-car/volvo/v60
Volvo V60 2022,https://eg.hatla2ee.com/en/new-car/volvo/v60
Volvo XC 40 2022,https://eg.hatla2ee.com/en/new-car/volvo/XC-40
Volvo XC60 2021,https://eg.hatla2ee.com/en/new-car/volvo/xc60
Volvo XC90 2021 ,https://eg.hatla2ee.com/en/new-car/volvo/xc90
Volvo XC60 2022,https://eg.hatla2ee.com/en/new-car/volvo/xc60
Volvo XC90 2022,https://eg.hatla2ee.com/en/new-car/volvo/xc90
Ssang Yong Tivoli 2022,https://eg.hatla2ee.com/en/new-car/ssang-yong/Tivoli
Ssang Yong Tivoli XLV 2022,https://eg.hatla2ee.com/en/new-car/ssang-yong/Tivoli-XLV
Kaiyi X3 2022,https://eg.hatla2ee.com/en/new-car/Kaiyi/kAIYI-X3
Kaiyi X3 Pro 2022,https://eg.hatla2ee.com/en/new-car/Kaiyi/KAIYI-X3-PRO
Kaiyi X3 2023,https://eg.hatla2ee.com/en/new-car/Kaiyi/kAIYI-X3
Kaiyi X3 Pro 2023,https://eg.hatla2ee.com/en/new-car/Kaiyi/KAIYI-X3-PRO
Lexus ES 350 2020,https://eg.hatla2ee.com/en/new-car/lexus/ES-350
Lexus Rx 2020,https://eg.hatla2ee.com/en/new-car/lexus/rx
Lexus LS 500 2020,https://eg.hatla2ee.com/en/new-car/lexus/LS-500
Lexus LX 570 2020,https://eg.hatla2ee.com/en/new-car/lexus/LX-570
Aston Martin Vantage Roadster 2020,https://eg.hatla2ee.com/en/new-car/aston-martin/vantage-roadster
Baic X3 2022,https://eg.hatla2ee.com/en/new-car/baic/Baic-X3
Baic X3 2023,https://eg.hatla2ee.com/en/new-car/baic/Baic-X3
Baic X5 2022,https://eg.hatla2ee.com/en/new-car/baic/Baic-X5
Baic X7 2022,https://eg.hatla2ee.com/en/new-car/baic/BEIJING-X7
 Baic X7 2023,https://eg.hatla2ee.com/en/new-car/baic/BEIJING-X7
Haval Jolion 2022,https://eg.hatla2ee.com/en/new-car/haval/Jolion
Haval H6 2022,https://eg.hatla2ee.com/en/new-car/haval/haval-h6
Soueast DX3 2022,https://eg.hatla2ee.com/en/new-car/soueast/DX3
Soueast DX5 2022,https://eg.hatla2ee.com/en/new-car/soueast/DX5
Soueast DX7 2022,https://eg.hatla2ee.com/en/new-car/soueast/DX7
Soueast Dx7 prime 2023,https://eg.hatla2ee.com/en/new-car/soueast/Dx7-prime
Soueast DX7 NOVA 2022,https://eg.hatla2ee.com/en/new-car/soueast/DX7-NOVA
Maserati Ghibli 2021,https://eg.hatla2ee.com/en/new-car/maserati/ghibli
Maserati Ghibli 2019,https://eg.hatla2ee.com/en/new-car/maserati/ghibli
Maserati Levante 2019,https://eg.hatla2ee.com/en/new-car/maserati/Levante
Maserati Quattroporte 2019,https://eg.hatla2ee.com/en/new-car/maserati/quattroporte
